,danceability,energy,loudness,speechiness,acousticness,instrumentalness,liveness,valence,tempo,id,duration_ms
0,0.511,0.574,-7.016,0.0273,0.0425,2.33e-05,0.105,0.161,119.917,3nvuPQTw2zuFAVuLsC9IYQ,280040
1,0.514,0.512,-13.959,0.0312,0.248,0.0,0.153,0.737,155.069,0PIGLjA2QzRXYzLB1cTkgc,293560
2,0.577,0.788,-6.737,0.0977,0.014,2.56e-06,0.123,0.644,172.926,5892YX6q8y3Rs9OysF08kv,93970
3,0.679,0.788,-9.361,0.0509,6.07e-05,2.1e-06,0.0783,0.319,126.998,3LmlegS3av5opwiIMVDbgI,196764
4,0.108,0.0643,-24.955,0.0481,0.991,0.463,0.107,0.0308,85.335,0IcMW2874obAa4VtBkz3b5,301173
5,0.463,0.737,-6.869,0.036,0.39,0.904,0.113,0.202,149.997,3K6ZuoCWiEwcfiyJ61L6Uf,235240
6,0.576,0.268,-14.313,0.0294,0.547,5.17e-05,0.118,0.175,115.952,5vk7txLRuAjNatZD8OCrf4,298760
7,0.452,0.36,-14.252,0.035,0.867,0.0804,0.125,0.229,93.993,6SA7BxY6zh5SaxUBp3tCtb,185827
8,0.426,0.232,-10.415,0.0276,0.00528,0.848,0.0951,0.209,56.489,5rXMqG69nF9h4wU3qD3wiE,150480
9,0.878,0.64,-5.641,0.0591,0.142,0.0,0.0981,0.658,124.069,6xw8ld1ztoCKifwTN6uGDq,200524
10,0.303,0.0228,-25.42,0.0442,0.993,0.452,0.104,0.0549,97.064,0YuAfialDCpByqEt8Pj7wQ,257747
11,0.207,0.606,-6.649,0.0456,0.359,0.000441,0.165,0.122,105.244,4Vz7gRDm7Tzx0PzUAsVURD,220187
12,0.845,0.515,-9.136,0.137,0.237,0.0398,0.106,0.392,117.01,1d9PIoXQ2blBE4bW7vXokB,192279
13,0.551,0.726,-9.067,0.0378,0.106,0.86,0.131,0.177,120.004,7IgV27kgRGH0Bg9iseL8NS,234667
14,0.572,0.907,-6.236,0.0364,0.0205,0.95,0.0957,0.0382,127.998,1WP4Ocvz76jZsGV2WU0BWL,352493
15,0.511,0.897,-7.614,0.0389,0.0888,0.0254,0.869,0.531,125.003,2Hb0eYJUIMtX3eoPXQdEy5,322080
16,0.479,0.309,-14.751,0.0299,0.153,0.22,0.134,0.182,127.155,7Fg4jpwpkdkGCvq1rrXnvx,379213
17,0.615,0.907,-13.352,0.0448,0.0484,0.147,0.0842,0.693,164.911,3qhArZJLBv2ivxjEifc7wK,327809
18,0.444,0.19,-13.989,0.0334,0.934,0.0436,0.0942,0.705,82.549,3qJ7uiN8W7ykxSVZ1lvdLs,160048
19,0.677,0.409,-16.47,0.0357,0.66,0.722,0.127,0.719,112.163,23hOxIfDUGLSZ9AaXGmlsu,224240
20,0.782,0.6,-4.787,0.169,0.00126,0.0,0.126,0.281,113.349,3l1DD2X1lomNhj6xO3ftcb,149498
21,0.642,0.551,-9.158,0.0334,0.00397,0.00225,0.835,0.642,127.949,7bWCQHQh8xBbd83RRXR0II,201493
22,0.571,0.717,-8.333,0.336,0.359,3.12e-06,0.797,0.881,87.54,60PZUWKsJC52uXaPlPcEVf,131867
23,0.959,0.521,-7.496,0.364,0.0852,6.29e-05,0.204,0.408,130.058,132wAeR05o10R9iSjA1XAE,174827
24,0.542,0.647,-4.973,0.0277,0.071,0.0,0.108,0.281,92.999,1ISMa0THMDKFBq2UMfm02e,173786
25,0.563,0.664,-5.044,0.154,0.335,0.0,0.0849,0.688,166.928,4ZtFanR9U6ndgddUvNcjcG,178147
26,0.966,0.582,-6.225,0.0837,0.138,1.92e-05,0.112,0.186,115.05,4a1WLOoydq7u011UG9jjC9,171880
27,0.789,0.831,-4.446,0.0511,0.0252,0.00383,0.29,0.544,97.017,3n9s67LCX46zCpvqga1LHZ,222680
28,0.179,0.714,-5.753,0.0598,0.0118,0.0402,0.0869,0.1,179.843,04NzuTh4rKDFfC1BJB2nfv,206484
29,0.37,0.654,-5.196,0.0725,0.623,0.0,0.311,0.296,149.783,5c9DkMk5hBrYKocJrhqrYJ,322133
30,0.537,0.899,-8.566,0.0552,0.0481,0.906,0.0985,0.0624,135.954,2Qa3z8W5w3dukIwZZ20z36,388255
31,0.466,0.889,-7.021,0.0666,0.206,0.322,0.149,0.386,154.974,26ETISqSBZl159lQO5AtZk,203733
32,0.513,0.97,-6.79,0.0457,0.000488,0.805,0.106,0.546,171.966,0U5SzrM3RxCJam59G96nM3,329728
33,0.552,0.856,-3.561,0.316,0.0422,0.0,0.227,0.251,162.833,0eH17iG3LJY88hjCTdC756,92853
34,0.649,0.909,-12.349,0.0798,0.00278,0.628,0.0871,0.548,155.054,41vTXFJJpJFJrbd8k0IlZW,250973
35,0.737,0.621,-4.539,0.0668,0.0233,0.193,0.107,0.301,161.911,53ClYkBItyVBclAdFVMJt5,166787
36,0.559,0.956,-5.651,0.0639,0.00654,0.0747,0.0944,0.249,169.857,0EzZCIBAzRAlEVKCm9upI0,363919
37,0.173,0.288,-12.817,0.0354,0.78,0.00416,0.341,0.0377,123.133,1zZsWNYFjxDgZOKZ9sBvUV,229773
38,0.392,0.955,-5.088,0.0579,0.00482,0.00506,0.211,0.17,173.947,6ic1jTfNh3kSa7WtyFqJdS,171507
39,0.49,0.724,-6.126,0.0426,0.118,7.62e-06,0.0631,0.26,155.002,3BIOgDZVS4iAmtDJ1S6RrD,186480
40,0.564,0.848,-5.439,0.0458,0.0235,0.0609,0.258,0.268,140.01,06L0ZfiMzfrzLRmwHeuzfI,228800
41,0.657,0.8,-3.91,0.0631,0.348,5.47e-05,0.0729,0.246,155.055,7rHv6aeboZ8axyZa0IfObt,100973
42,0.534,0.915,-4.169,0.076,0.00671,0.0412,0.846,0.695,175.025,1XmvlNAURkePAopxTqvbtO,230400
43,0.32,0.94,-5.847,0.0536,0.00544,0.001,0.426,0.275,149.916,21dVGramnWyMgPXh8j4PMv,221560
44,0.271,0.831,-8.686,0.0831,0.0584,0.633,0.108,0.187,152.345,6hmmO0tHSG1VzJ75iac8EO,221974
45,0.559,0.986,-6.293,0.0778,0.0629,0.964,0.0274,0.267,133.001,2806zlG6vxrILY5HCiIhRK,230613
46,0.585,0.914,-4.321,0.0602,0.044,0.00451,0.176,0.474,154.999,7JFQPt9qzY7U0NMPCdXE83,177853
47,0.658,0.947,-6.922,0.0445,0.252,0.13,0.142,0.412,139.997,2EhlTKxStybQpKktuuanws,199680
48,0.52,0.805,-5.254,0.0726,0.0618,0.00258,0.208,0.525,154.843,0McxF8eId0vNfcOig2RoZ6,185067
49,0.545,0.989,-5.843,0.0595,9.18e-05,0.709,0.592,0.377,134.642,1g88xYcD9XzOyS8tLPMqrb,246000
50,0.119,0.32,-11.974,0.0385,0.652,0.0369,0.0661,0.0354,85.728,2HrO27fbdV3nH2ciJAvmmv,258013
51,0.63,0.974,-5.562,0.0556,0.00391,0.846,0.141,0.946,159.836,5bBDVe7GOHzEAupJMObIgT,392000
52,0.501,0.903,-4.751,0.0659,0.0353,0.0508,0.0714,0.562,170.014,5CFoz42VjWav4Aal9yAc1W,181493
53,0.472,0.923,-5.642,0.0722,0.019,0.0256,0.308,0.469,167.97,2PDHn2jsphHNkaUNDPPrmn,358627
54,0.492,0.901,-7.03,0.045,0.00139,0.0486,0.186,0.104,143.014,2zhGnnDewN4kBsVzbqjBtX,208933
55,0.745,0.871,-2.758,0.455,0.19,0.0,0.14,0.701,162.93,5E9rFVAGmdtA7ueCNqLlmW,91813
56,0.451,0.895,-5.925,0.117,0.00289,0.429,0.227,0.205,150.039,5W9IkUZUbvmo1WnhMarDRd,195200
57,0.404,0.988,-5.388,0.0878,0.000437,0.404,0.113,0.12,169.983,65zmTLB7caWI9qR77ptsmb,194050
58,0.481,0.915,-4.862,0.036,0.000387,0.0744,0.0677,0.278,95.518,1k3Bis65TRcvJu0EJiboJh,163080
59,0.647,0.96,-11.803,0.0611,0.00618,0.752,0.182,0.64,145.487,1vNfonx8tTKaORUiQkb3WG,380407
60,0.475,0.941,-7.042,0.0345,0.000125,0.0102,0.276,0.262,167.973,2PVqPbRv7mlCp2JYzDeMsc,213113
61,0.449,0.976,-4.141,0.0464,0.00153,0.406,0.271,0.156,169.928,2uAQOU3xlUY7s2aZp2JIUM,280725
62,0.62,0.99,-7.823,0.0441,0.0546,0.957,0.273,0.653,142.849,0L9IFOhUtAXFkjjVq9HOcT,214920
63,0.417,0.938,-5.762,0.0514,0.0396,0.896,0.365,0.312,136.02,0cicTuDWTEMDhGYvZ3wLYu,261020
64,0.429,0.913,-4.078,0.0543,0.00421,0.0268,0.073,0.548,172.826,0ZFyxfO4hNXvaWyH6pzHCb,357820
65,0.572,0.644,-7.989,0.031,0.515,0.00199,0.196,0.375,144.971,4DgPkTTORERKtT1M2syzVm,177806
66,0.814,0.972,-4.331,0.0937,0.115,0.0,0.14,0.844,129.983,3iYhi2dFxyPMRnsLYDiNNd,199385
67,0.502,0.621,-9.355,0.0374,0.0193,0.00196,0.269,0.0364,140.0,5CAKn3yXoWu93957Wyy3rB,212967
68,0.627,0.494,-7.741,0.042,0.113,0.0,0.136,0.213,129.914,179YXh5spiRaUDJihittPG,182360
69,0.702,0.722,-7.971,0.0417,0.0909,0.025,0.134,0.315,145.959,32Q7B7BsaUBb8D2zT2Vngb,200500
70,0.614,0.934,-3.709,0.07,0.0697,0.0,0.121,0.436,116.001,1KixkQVDUHggZMU9dUobgm,174760
71,0.221,0.202,-23.024,0.0388,0.991,0.512,0.13,0.0396,77.202,6taAjhyuMuLTZLz3EMR5Sv,124494
72,0.781,0.469,-8.456,0.0549,0.445,0.0,0.0921,0.518,132.989,6vbe3GmRG30x2nraEvHudq,216541
73,0.766,0.665,-9.305,0.0503,0.164,0.85,0.0844,0.766,131.015,6wq36foNBKe20kMtomLEsF,120874
74,0.711,0.748,-7.318,0.131,0.133,0.0,0.461,0.489,127.99,5S4J5QVt1X0ZACiPOrOCoq,243667
75,0.685,0.89,-3.943,0.253,0.00183,0.0107,0.0473,0.878,104.919,7qFEFcjmSAtODGtLYqraCq,248267
76,0.811,0.452,-8.676,0.115,0.162,0.00305,0.12,0.556,121.058,0BWBqb5XxraObLopqskk6D,199006
77,0.511,0.0831,-17.397,0.0363,0.956,0.00483,0.108,0.207,72.02,1oR5rX41tbeJ486G0GgQIv,188100
78,0.555,0.78,-7.917,0.0326,0.00228,0.111,0.121,0.124,144.039,5OuoD2MX7rRAWWs4Ac1JwA,200000
79,0.417,0.945,-2.639,0.357,0.000367,0.0,0.249,0.805,177.645,60VgKrIVA9iyq27h7PQw8H,113120
80,0.52,0.00951,-31.728,0.0505,0.985,0.393,0.0316,0.0375,135.553,2RWeG6EBC8EMu4XrfcbSjn,231613
81,0.437,0.713,-4.604,0.0291,0.121,0.0,0.21,0.336,76.534,4r6TS1gNXxga38z2Nq5qYn,152250
82,0.46,0.98,-2.55,0.0446,0.000673,0.00355,0.4,0.72,150.061,7r7NIoBZynrYIKZnIS5Z1Q,218760
83,0.598,0.675,-10.552,0.073,0.651,0.00364,0.296,0.374,169.895,7ciCHVwjaepfvccqgNwOQd,269653
84,0.376,0.859,-8.498,0.035,0.0556,0.963,0.131,0.441,187.489,4BzsszMsRMiRm5PBNFt2sH,199680
85,0.568,0.973,-2.598,0.207,0.000275,9.59e-06,0.141,0.332,174.011,5EE8rKXj7Oj1br2wZZYhA1,325500
86,0.477,0.957,-3.468,0.26,0.00877,0.0496,0.304,0.117,150.001,6jzqY97VGs6UqEhAVOuGRz,268800
87,0.724,0.744,-7.512,0.0696,0.0148,0.241,0.696,0.178,127.957,2m4dTvVbpUBwgCb4Cdad09,552000
88,0.772,0.689,-13.029,0.0501,0.515,0.0653,0.159,0.805,112.197,7Fg5r0F0xjZ1xjEtvVaB8F,270400
89,0.781,0.992,-4.925,0.556,0.258,5.75e-05,0.634,0.0314,31.495,1StLDlLwev9N9xj1FHRYcD,19879
90,0.563,0.355,-14.87,0.033,0.617,0.257,0.12,0.501,122.224,3UvkoYw8FicuTMDPlkv0IB,504000
91,0.167,0.769,-27.125,0.168,0.633,0.982,0.375,0.0181,131.389,4yXCeZED9HpWWfNfJR3dum,121507
92,0.135,0.0416,-18.342,0.0432,0.589,0.934,0.118,0.0377,101.459,1rSt9taDVOIRPIOoHONhfM,360457
93,0.73,0.261,-18.907,0.118,0.873,0.857,0.0917,0.352,59.997,4GkV1kkCUZwzgWihgnHk5F,211893
94,0.3,0.0462,-21.856,0.043,0.935,0.0838,0.19,0.346,83.215,6ZYjCeL9704rdBdDI59gRY,52187
95,0.121,0.272,-12.023,0.0372,0.951,0.555,0.108,0.105,78.103,3znTSbFie2bjuijsZml7tu,600000
96,0.0,0.158,-14.703,0.0,0.822,0.999,0.0667,0.0,0.0,61q3j0kPPG96lqEitkCB9l,9424
97,0.169,0.0708,-25.338,0.051,0.995,0.97,0.328,0.0392,68.098,3Po5opLPWQtcUMYYqFkYj6,65293
98,0.27,0.552,-9.477,0.0495,0.811,0.00489,0.299,0.0323,78.505,0aMPuUxEZQ2gG7ZOfQYdzE,135286
99,0.53,0.819,-5.74,0.111,0.0639,0.00101,0.122,0.273,127.818,5YwlMbMkYLSZ82Y8XOKfDF,227280
100,0.255,0.408,-12.89,0.0376,0.837,0.89,0.08,0.0957,119.992,7kr7LSDcBQE2N6J1d5wPhP,283003
101,0.602,0.616,-10.917,0.0353,0.662,0.0153,0.149,0.31,108.017,2II03llydk4YnkBBvoYB3B,367333
102,0.164,0.625,-10.475,0.037,0.0754,0.61,0.313,0.426,178.156,0y1rTPYx9e1fFlP3W9KvpW,362307
103,0.565,0.726,-6.715,0.0548,0.00181,3.06e-06,0.103,0.715,178.078,46LX0sSwIU4GFLcj23ZfMA,198627
104,0.472,0.582,-8.064,0.0302,0.0861,0.48,0.1,0.154,142.101,0WrcCbWwcKK23LXbPI2JMU,221760
105,0.17,0.131,-22.676,0.0378,0.95,0.395,0.113,0.0669,114.407,71SJYrLPi4NZWg5v7fBWA1,92933
106,0.947,0.658,-8.275,0.0877,0.0402,0.15,0.0538,0.362,131.025,1CpVVMSjlExJ7YZvM21em2,141069
107,0.117,0.297,-13.086,0.0383,0.00655,0.881,0.108,0.0305,57.063,6NfhJnufcldpDimI4UiLof,378173
108,0.289,0.621,-10.99,0.0469,0.529,0.833,0.138,0.116,130.031,7C4LeKo5u41vNiqqwNmLB1,137407
109,0.742,0.055,-29.902,0.104,0.582,0.0,0.0409,0.267,107.501,0hthd2F1HnJFpGjwlDHmKs,69133
110,0.33,0.238,-10.566,0.0343,0.541,0.0186,0.0952,0.097,109.378,1DG87rvBJ32lAAWyWa4FUR,431424
111,0.227,0.0253,-34.062,0.0394,0.973,0.921,0.0867,0.123,81.421,7b1QlMB7GBtQPSTQSx3XSr,115905
112,0.657,0.426,-6.16,0.292,0.12,0.0,0.404,0.26,117.201,59BhbPqg3KmLCECS84rZtF,59002
113,0.44,0.928,-9.112,0.0378,0.000132,0.656,0.138,0.332,96.389,3TZ3NVQtkj4nFPANN946Ct,84500
114,0.35,0.247,-17.036,0.206,0.851,0.0,0.0992,0.373,76.806,4K3glAui6GSMQfYWxC0qy9,291533
115,0.212,0.418,-14.091,0.0386,0.804,0.823,0.147,0.23,119.949,3vUcFxnOlGWpG2NjTjGrsv,339493
116,0.449,0.114,-22.012,0.0406,0.974,0.000393,0.113,0.255,86.293,45ZLWvX0yVxMPtUrgnuiNy,143667
117,0.147,0.3,-12.326,0.0332,0.994,3.06e-06,0.0969,0.0481,172.592,61u7hd4GQXU9acxtbWdCEY,304840
118,0.782,0.619,-7.741,0.055,0.0532,0.786,0.107,0.219,109.985,0ZtiChdedwbbrn1Rs5xWSa,126509
119,0.488,0.994,-3.525,0.128,0.0126,0.819,0.169,0.398,175.042,4FF2g2K74MhfLFhdl1Vl3G,198000
120,0.625,0.884,-9.384,0.0506,0.0186,0.783,0.434,0.573,128.012,6VE5JP0uLxoW5gx308sihy,271491
121,0.741,0.973,-6.716,0.0475,0.133,0.435,0.355,0.96,137.866,3BdrZYyNJvBqcCHPfzYuia,234200
122,0.683,0.873,-11.254,0.0362,0.000281,0.899,0.217,0.489,144.977,0Yg6AsL6uzrEiGuO7HSB7u,480320
123,0.757,0.84,-6.377,0.0735,5.75e-05,0.778,0.0551,0.712,142.005,7m3voFyQJ9lhOTAB5JIBAW,400693
124,0.595,0.836,-6.386,0.508,0.173,0.0732,0.105,0.255,170.048,2PIH8bp41FOQrg822jvnck,176471
125,0.745,0.911,-6.143,0.192,0.00171,0.355,0.14,0.121,138.784,6ES6AH2Vg96ArtEK6LCGaz,193997
126,0.763,0.955,0.482,0.0965,0.0285,0.000148,0.349,0.154,104.978,5ZnTIa9CN9uEgKjIEkpFA6,182962
127,0.501,0.949,-11.106,0.0864,0.0822,0.935,0.129,0.106,110.155,6cpOIIgk3nZ30imud87dGK,321882
128,0.727,0.537,-9.591,0.0721,0.00513,0.0147,0.105,0.375,151.19,75eutUYhj8uZYM3FnxULsS,143044
129,0.366,0.91,-5.828,0.119,0.128,0.841,0.343,0.44,92.522,73Bvoa5ldf6OKWZS30gjGd,308790
130,0.606,0.998,1.167,0.468,0.133,0.00118,0.0577,0.0686,179.962,1ZlU5QTAgQWfPt2vXUqO0g,260000
131,0.384,2e-05,-45.272,0.506,0.969,0.939,0.125,0.0,129.754,1JppKb6Em7CgtEBcjx0xt4,336246
132,0.145,0.256,-22.702,0.0392,0.952,0.959,0.0955,0.0543,138.581,0hX5RmR6yAjuHHC414n28y,865155
133,0.603,0.496,-8.555,0.0271,0.293,0.000921,0.0705,0.0564,126.985,0tlnLS1RyUOXKCtFI0yF5n,248882
134,0.31,0.509,-10.122,0.0331,0.00137,0.955,0.0981,0.223,99.267,1cdb4cAbn3JwK6eRexqSQp,224652
135,0.769,0.104,-36.34,0.931,0.97,0.025,0.523,0.786,112.376,3OifJkxye3rP9DFaHbmKFK,540000
136,0.548,0.322,-13.198,0.0266,0.8,0.301,0.0867,0.374,105.947,6xT6kVVEUumjAQtLVWooDh,165789
137,0.587,0.678,-8.651,0.0524,0.0319,0.16,0.116,0.429,169.947,3UtGz5qWgIv4jJNYGvAvdB,228840
138,0.525,0.788,-6.52,0.056,0.134,0.615,0.107,0.122,159.965,1WwTZ8SlKrOHxmvjduR4Hn,196621
139,0.467,0.401,-9.167,0.0274,0.852,0.886,0.129,0.366,138.05,6xGgtxLqEZRDYU6DhJ5x0Y,186196
140,0.462,0.0905,-17.383,0.0765,0.887,0.00919,0.242,0.0365,134.973,5YxjHev3EZ8zdchoyIq5Cu,216600
141,0.644,0.78,-5.372,0.126,0.0642,1.8e-06,0.451,0.825,83.94,2ufW8qoeh5qFqjqbJHlpin,175000
142,0.564,0.994,-5.734,0.0439,0.00974,0.927,0.0961,0.313,135.989,5TVxBg155MmcoImdMHXZzC,207867
143,0.134,0.107,-22.308,0.0374,0.991,0.967,0.123,0.0324,143.842,6cikNK29TJAKKZP8yf7ekP,461093
144,0.668,0.0505,-18.843,0.358,0.807,0.0,0.107,0.598,148.649,00OMaIm4VEsUcXad5Pf1Qe,109507
145,0.356,0.167,-20.372,0.0398,0.891,0.0159,0.0755,0.504,96.105,0aHHuBMPmAw9G9D33px8q9,103055
146,0.579,0.334,-8.546,0.0497,0.762,0.0,0.0825,0.474,125.7,0Qz1xIXyxi0XqNU5Q87yX4,219363
147,0.145,0.0149,-31.216,0.0435,0.99,0.936,0.103,0.0378,139.829,1B2wWhKhxEplDFhlmYXpPI,231973
148,0.747,0.641,-4.502,0.0925,0.25,0.00107,0.106,0.453,100.028,7HdZY9UJTylIiNcSDFyUDc,186231
149,0.355,0.126,-20.291,0.068,0.965,0.3,0.102,0.366,174.755,7z0s2zFXnYl0TggM0Dhn0A,142309
150,0.422,0.442,-13.808,0.0372,0.919,0.947,0.0853,0.227,149.98,05rxVXtXiS8GyDX93ec1hv,184375
151,0.624,0.993,-5.523,0.0588,0.00448,0.768,0.181,0.134,121.934,5L4xR6U0VSgKexEj3S0kB7,379013
152,0.702,0.727,-5.242,0.0956,0.0198,0.0,0.144,0.962,99.133,4ZNToayOz5Fzuw1Snh8scl,21368
153,0.0787,0.0282,-29.025,0.0473,0.899,0.75,0.114,0.0381,69.889,72Qj5tYqqYCT303FQebTSl,288640
154,0.676,0.833,-5.093,0.0345,0.0589,0.553,0.0693,0.809,140.02,63UiYJT1XcsU3mIY5DMVTa,218827
155,0.452,0.592,-7.292,0.149,0.00214,0.0584,0.128,0.225,150.034,2wphMPsqLZDRgfiL9wyyBG,270400
156,0.525,0.805,-4.625,0.137,0.014,1.3e-06,0.236,0.384,119.785,2t5z06k2w9ghTfk1Z3qw4o,196371
157,0.437,0.682,1.43,0.0502,0.0236,1.19e-05,0.0839,0.215,80.994,6KOetnmUkJmqyXkw6jXXTM,150361
158,0.698,0.755,-5.312,0.404,0.0162,0.0,0.33,0.759,146.959,18Ks9kGu8LrcVoZP6M3CNK,213473
159,0.0826,0.0402,-18.211,0.0441,0.982,0.967,0.122,0.0375,168.919,2EDUeaWnptDpbyPL2Kpddx,63920
160,0.745,0.627,-6.29,0.227,0.213,1.27e-05,0.0922,0.628,115.01,41TTuxzWvvxCVsOij036P9,181773
161,0.757,0.502,-7.522,0.0909,0.0906,4.16e-06,0.126,0.399,139.998,4jdbP4Ue4QtGy5A40ri5F8,219690
162,0.734,0.665,-8.886,0.18,0.0798,0.00119,0.315,0.405,141.316,10F08n7jX6N3ydww3qGkIn,122553
163,0.818,0.397,-11.928,0.258,0.0686,5.31e-05,0.0923,0.527,129.954,1vzEysIXUdQ510fqPqFtVZ,186874
164,0.867,0.606,-5.124,0.0543,0.0784,0.0,0.567,0.901,121.031,6lwFOodKFZd0ro8bcIxlWg,222640
165,0.472,0.437,-8.517,0.0282,0.589,0.00165,0.147,0.301,118.719,5wFI9zj8zb9IEJTpit8yh2,305904
166,0.526,0.965,-4.807,0.0584,0.000109,0.783,0.0902,0.895,159.929,2K0jjDBeV0rq2mvRLAfnKM,324637
167,0.791,0.961,-3.973,0.254,0.0357,0.246,0.35,0.323,165.363,2sJ5iKbB6Jt4ya9bxqxMeY,270880
168,0.513,0.953,-0.889,0.0791,0.00346,0.0175,0.104,0.0375,194.869,17R2vAjUTBI8PSbkxI8mrq,216615
169,0.608,0.695,-7.828,0.0422,0.553,0.804,0.111,0.149,104.979,1HKTiYQh5eyBjPkoUB99SF,274286
170,0.643,0.866,-4.364,0.0752,0.00224,5.69e-06,0.218,0.391,149.887,2ljvO8ZpKFMT3HXwCjW4Yw,171813
171,0.526,0.249,-11.011,0.0299,0.331,0.0021,0.0684,0.194,95.488,6Yc385tstnIUpKxNdcLgDl,141960
172,0.839,0.362,-9.8,0.0454,0.652,0.762,0.0579,0.967,104.019,5uvc6CHTm6wbqhba5SSWwA,152885
173,0.613,0.0306,-16.896,0.297,0.917,0.0,0.0982,0.399,81.939,1fd5pc5qZBGjZlCUZ05qEF,282280
174,0.377,0.624,-7.128,0.111,0.0785,0.0,0.332,0.173,137.047,0Vpjt5Etzdtjvl6Xxph4wD,209725
175,0.0803,0.186,-16.566,0.0372,0.923,0.805,0.569,0.0968,71.899,74TDaNtYMrkfYnB3Ur5nsh,130339
176,0.681,0.829,-7.305,0.0626,0.0795,2.09e-06,0.327,0.814,119.975,4WoKuMjwJXuy9IqX6AH5JE,231960
177,0.411,0.738,-3.902,0.0662,0.483,0.00338,0.298,0.392,113.358,3wjMpxaZc4YFQaNuoj4w9Q,148385
178,0.638,0.49,-10.924,0.029,0.418,0.000164,0.132,0.489,135.057,5cMt4oV1AUS1JNomILulP4,142386
179,0.521,0.599,-5.351,0.0429,0.377,0.0,0.143,0.364,72.99,3ChBKNAqgQCH0iMNbgv5kD,248952
180,0.626,0.84,-4.591,0.0956,0.00126,2.45e-05,0.0534,0.894,180.029,3PoaLfprGA1ycel5cAOAyk,171893
181,0.612,0.84,-3.145,0.0509,0.112,0.0,0.116,0.438,129.042,2V65y3PX4DkRhy1djlxd9p,212862
182,0.78,0.716,-6.404,0.1,0.0562,0.0142,0.0759,0.747,96.999,6FzZMJGhI5JA5nDVM87s5w,171700
183,0.653,0.791,-7.045,0.139,0.0188,0.0414,0.0755,0.279,169.999,3kufIN9MdyFniubkCf5t5S,211559
184,0.628,0.913,-3.562,0.0515,0.00502,0.828,0.386,0.344,137.017,2LvoLTGnFfuQp93zdnBTL1,313213
185,0.607,0.873,-8.336,0.0554,2.83e-05,0.815,0.119,0.708,141.004,3VUlQGrpS9cWPaX90FhjkD,300382
186,0.509,0.984,-3.841,0.0451,1.49e-05,0.935,0.0621,0.491,140.009,0ChvWY0uRIGvXfhqvv8jC1,396027
187,0.716,0.783,-12.876,0.0496,0.172,0.0346,0.0327,0.952,121.306,5sJiLlgQKBL81QCTOkoLB5,244773
188,0.556,0.316,-16.158,0.0354,0.616,0.272,0.124,0.032,105.022,28FwYInMHQYAZCZtX2rcWl,82753
189,0.654,0.885,-5.41,0.058,0.000918,0.667,0.373,0.674,107.494,4tjMjfL8cmYOIRRMFGZ8g7,305753
190,0.696,0.874,-3.318,0.0772,0.117,0.0,0.331,0.747,104.196,1mxTCArq9EhSg4QPGqhjhT,204800
191,0.754,0.819,-6.833,0.112,0.0684,0.0,0.345,0.818,142.137,5bGmuxShUba9maPswDnhCs,215800
192,0.491,0.73,-4.399,0.0432,0.039,0.0,0.112,0.461,87.098,6nIcGJK6Pj1ThzC6r8O8hA,239560
193,0.571,0.651,-6.26,0.0349,0.242,0.0,0.0938,0.374,121.202,5B8N5rPOmTVVGpuBMK2Vby,254400
194,0.148,0.167,-18.333,0.0407,0.751,0.723,0.109,0.0374,88.056,4KscmBsFFjcfnD3XbYIklO,162827
195,0.76,0.619,-7.931,0.136,0.00276,0.0,0.276,0.253,136.154,092rfWVlz3tFzGRIOlofm2,132973
196,0.0867,0.0144,-25.131,0.0422,0.966,0.981,0.112,0.118,70.886,4UF9cebB0ld7ZPeSBi71st,296280
197,0.727,0.427,-11.899,0.0428,0.393,1.92e-06,0.286,0.328,119.746,3EFrmoSO3DdWAqai0B9YRN,212093
198,0.652,0.966,-6.554,0.044,0.104,0.0,0.357,0.921,122.214,2AeelxeYAriGv9fHq1Fjsg,197187
199,0.547,0.325,-12.391,0.0438,0.379,0.0,0.181,0.208,99.826,5pososmSiYOlUQtHNg6IRz,152800
200,0.172,0.916,-8.935,0.0667,0.606,0.201,0.103,0.037,90.142,5FA0D48itnIrYd3aFWIc4G,318227
201,0.336,0.283,-11.947,0.0325,0.702,0.359,0.316,0.287,124.859,564NeGXUOvqDY7Hw1dfUIW,756720
202,0.142,0.431,-10.573,0.0355,0.108,0.0025,0.048,0.307,79.006,7bw8Bq5YKEaMOwZNjylyHT,385467
203,0.45,0.268,-15.611,0.032,0.947,0.758,0.519,0.116,111.438,5kpsqtyZTWyGFtr5bifMbt,277160
204,0.594,0.141,-27.943,0.503,0.946,0.0728,0.168,0.596,112.937,3Om3XApYJ8g6zCDYcyMF3V,27919
205,0.883,0.563,-7.052,0.284,0.318,2.92e-05,0.127,0.473,98.038,2lwrv8g1JbRlhhqYpPVnlE,176327
206,0.12,0.0384,-23.13,0.0425,0.98,0.768,0.104,0.0714,92.792,1sTlRQmceHgGpaR013sQeF,399000
207,0.484,0.879,-6.636,0.0799,0.00325,3.4e-06,0.118,0.14,104.991,4GaaE1P5f2GKQ1OsulZgqc,180571
208,0.804,0.823,-3.667,0.0745,0.0984,3.78e-06,0.246,0.489,124.062,5vIiGOCqhPwnQDZhWhewGU,152564
209,0.255,0.32,-19.821,0.0533,0.826,0.0219,0.261,0.302,87.301,3FrP4HVPTAZPDhDtClu5wX,45293
210,0.39,0.448,-8.57,0.0276,0.8,0.182,0.107,0.077,144.89,0ecC8p17cDNlxHXkuYqeR6,183103
211,0.843,0.713,-2.742,0.146,0.0188,0.00339,0.0652,0.396,98.019,5uyQxvx4HrIKuZT5yx8MVw,151837
212,0.31,0.484,-6.463,0.0299,0.709,0.247,0.125,0.038,79.863,60mItLdFl6xkYc1sAjlZlf,334987
213,0.386,0.554,-5.159,0.0341,0.0136,0.852,0.63,0.255,79.028,4RReaVrI0whNLjE3gCHkLr,44852
214,0.206,0.459,-12.939,0.0304,0.899,0.968,0.646,0.115,79.594,4jKDMtKiNFUR0gl1N676Zp,146684
215,0.377,0.26,-9.106,0.0291,0.913,0.000713,0.422,0.165,158.255,1s4UfoNC0NpzgbKfOTBNNj,111186
216,0.697,0.705,-8.686,0.136,0.16,0.0121,0.0731,0.3,126.99,28lvHChtes6fF6pEeq8rfF,249316
217,0.55,0.483,-16.226,0.0447,0.987,0.976,0.629,0.167,92.953,6TpnBwpD4cRh0JI7Ljp72e,301293
218,0.766,0.563,-9.766,0.0396,0.422,0.102,0.142,0.706,93.079,01EZT06EIdnVOLl96Parta,149423
219,0.711,0.937,-5.314,0.0351,0.146,0.763,0.324,0.57,134.21,0ygoI3HcoGScxt879A23Uk,221160
220,0.707,0.681,-8.335,0.0368,0.296,1.98e-06,0.12,0.547,100.999,5bcJwBywjaz78KTf374PCb,213937
221,0.225,0.0702,-25.717,0.0374,0.587,0.425,0.126,0.035,111.292,5gG0Qh5mSs6v46FhW5kbhN,96640
222,0.564,0.43,-5.784,0.0252,0.55,0.0,0.0953,0.2,96.059,1z7Pc2fpIffOtXQh1XHMn9,183985
223,0.3,0.0462,-21.856,0.043,0.935,0.0838,0.19,0.346,83.215,6ZYjCeL9704rdBdDI59gRY,52187
224,0.231,0.249,-10.928,0.0345,0.721,1.12e-05,0.104,0.0363,118.36,1hEusmjsW1ZxqmBYs9AmfR,194169
225,0.652,0.908,-4.5,0.11,0.234,0.0,0.0769,0.646,119.95,6K8JxkeoSADtwrbjrb3Pl5,228280
226,0.788,0.4,-7.07,0.0814,0.324,4.36e-05,0.0807,0.591,89.432,4BNFrnwcbsAAohZHww1MtS,186937
227,0.761,0.747,-6.888,0.252,0.00565,0.00374,0.164,0.585,122.974,1xnzsYat83Q20Js0RvXwdT,211301
228,0.732,0.523,-6.939,0.0314,0.133,0.000103,0.264,0.261,116.961,2wcrQZ7ZJolYEfIaPP9yL4,184132
229,0.696,0.559,-6.194,0.0326,0.0223,0.000129,0.159,0.41,113.201,5l4AUpGX1rjfPKWEujoFT3,194314
230,0.688,0.483,-5.539,0.0393,0.265,0.0,0.0838,0.488,95.198,3dPkaunRnlcwGiOTJpQGD1,154198
231,0.551,0.772,-3.485,0.0318,0.0906,3.45e-05,0.237,0.494,128.014,2Bx7i9mP6eYwmWjLkMnztd,247000
232,0.572,0.442,-7.473,0.0375,0.101,1.22e-06,0.0984,0.132,76.973,4RqBss578GNj4u9VYZK5u0,204918
233,0.505,0.825,-7.609,0.0389,0.0121,0.689,0.12,0.189,177.995,0Sbxha3C1QZNRBmzVyQawE,184505
234,0.491,0.768,-6.605,0.128,0.00343,0.916,0.0891,0.227,112.436,5PlShq06s2kmzKQT1HBsHK,169892
235,0.537,0.726,-8.057,0.031,0.253,3.57e-05,0.124,0.208,97.989,37Iurk7tldnNLPYpSq00Ol,234082
236,0.64,0.605,-10.135,0.0726,0.0416,0.00319,0.126,0.193,105.023,0E4oz7ZPWoALwDHeI0eLXZ,170559
237,0.63,0.251,-11.475,0.0325,0.826,0.00136,0.119,0.21,171.923,3nNN1uts4kwkdwwV1CzZaN,207830
238,0.576,0.325,-8.887,0.0437,0.747,0.874,0.0956,0.153,149.938,1rkFfXWkFtcZJsSK4xiWTE,216320
239,0.548,0.449,-5.272,0.0267,0.12,0.0,0.14,0.111,97.55,6uEBCC605XCODjtwzae93h,212559
240,0.733,0.934,-4.546,0.0588,0.000462,0.892,0.0585,0.275,129.998,5ezKbpPGtVHwUzKo3rdywi,205880
241,0.806,0.439,-8.917,0.068,0.0625,0.00767,0.098,0.489,131.056,06ZIzHhJFWf0mDyEylIPf0,148238
242,0.176,0.314,-9.927,0.0351,0.89,0.0357,0.124,0.103,83.41,7zEFT8tRNy9B7I0F9OeNd0,102337
243,0.707,0.842,-11.393,0.0532,0.00618,0.871,0.0628,0.763,131.783,0TZL4krCFcuTlYZ8J9kcBX,234773
244,0.506,0.805,-4.119,0.0469,0.00711,0.00193,0.0856,0.383,126.008,6Awg3vdlBZnLnVWBcyG0vW,227074
245,0.458,0.93,-4.61,0.13,0.0372,0.0154,0.115,0.31,148.129,7fzqEoX5HCLwmt6aPxf54A,225367
246,0.593,0.789,-4.209,0.0979,0.127,0.000482,0.217,0.3,100.032,4JjaT4GxhN12Y0St10qgcH,268973
247,0.766,0.896,-7.561,0.0581,0.0201,0.828,0.143,0.58,127.011,5FT8BSRVjOxiedA391z0ym,324086
248,0.661,0.862,-3.637,0.0427,0.0163,0.000443,0.413,0.437,100.03,4ev0yUnmjaVx1EkbU0mVWB,188200
249,0.58,0.434,-10.708,0.0479,0.00738,0.000129,0.105,0.536,139.082,3udJxehBCZ27wRO9gSum4B,221987
250,0.58,0.0774,-23.699,0.0715,0.964,0.283,0.0874,0.478,131.713,1OcNi9dIqYzE71XiButvR0,110000
251,0.755,0.876,-8.867,0.0362,0.357,5.17e-06,0.22,0.954,102.762,6QhXQOpyYvbpdbyjgAqKdY,174827
252,0.765,0.704,-4.589,0.127,0.0215,0.0,0.227,0.498,147.055,04MLEeAMuV9IlHEsD8vF6A,192172
253,0.693,0.924,-5.867,0.0532,0.000232,0.85,0.344,0.59,138.013,0IQXZCDqqLbQMdajD4aGva,235267
254,0.534,0.915,-4.169,0.076,0.00671,0.0412,0.846,0.695,175.025,1XmvlNAURkePAopxTqvbtO,230400
255,0.429,0.553,-4.838,0.0668,0.458,0.0,0.0766,0.381,97.954,7uYIX9O9DY6l1D3HiwHR1J,192456
256,0.78,0.759,-3.292,0.225,0.462,0.000868,0.143,0.579,91.952,7BlBVFwvbWvcwNcUarQmjk,201040
257,0.572,0.394,-5.938,0.285,0.192,0.00392,0.12,0.465,135.021,7LmU6ne3r67oKYvL1GqOLT,59960
258,0.614,0.708,-9.797,0.0369,0.00522,0.752,0.427,0.0631,122.997,4A1rDiT3oLCS1xvRoNdzXQ,383902
259,0.302,0.447,-13.358,0.0342,0.15,0.000353,0.114,0.113,96.879,1RW9rSF4Zd2DLiBFBZrcDl,592600
260,0.284,0.0323,-30.385,0.0468,0.925,0.0,0.09,0.0699,68.876,36iLPmQWYlpgf8fD0OLBRP,111867
261,0.632,0.92,-4.976,0.0531,0.119,0.508,0.114,0.363,127.001,7kXmJwrZGIhDaLT9sNo3ut,290493
262,0.903,0.839,-9.447,0.208,0.0939,0.0,0.102,0.727,133.986,7b4ky1LlQLFhXHmhZkFgqV,190537
263,0.806,0.76,-4.69,0.0465,0.0114,3.11e-05,0.126,0.554,101.965,4vfsh1GHqHZtTlkusq9j5E,172048
264,0.621,0.692,-5.837,0.0435,0.336,0.000458,0.0877,0.446,144.968,0cLS7FslBJgsuWwJNRnPWB,201997
265,0.884,0.49,-12.118,0.358,0.346,0.0,0.167,0.585,94.922,3RZrvN10qqiNa9BIVd0d8w,146526
266,0.717,0.484,-8.001,0.0264,0.209,0.000732,0.328,0.651,130.988,10b4AEecewD0ns6uXImPEt,286000
267,0.278,0.186,-31.399,0.541,0.888,0.0249,0.327,0.109,95.389,6U7NjLjohZ6cDixlXQAwUS,140827
268,0.824,0.565,-7.605,0.117,0.0805,0.000576,0.12,0.748,143.516,6UZYLCba5iqwYgtJXYSqpn,152409
269,0.475,0.714,-7.82,0.0373,0.00993,0.0196,0.0779,0.568,183.991,5UD1jZiJ1AQUVSU51gFHiT,217493
270,0.691,0.737,-7.06,0.0715,0.0516,0.0,0.155,0.523,101.968,7s1pVBcyE3WAjIKDTu4q92,201176
271,0.718,0.762,-5.006,0.0571,0.284,1.58e-06,0.0971,0.368,132.893,1ioqD1XvFGDomjXkKNCBQB,190098
272,0.644,0.46,-9.875,0.415,0.237,0.742,0.284,0.202,143.948,55eBYfH0gl0PsCM7yD9qlm,248333
273,0.488,0.311,-11.467,0.297,0.562,0.000548,0.161,0.579,184.112,3707IBa4HnS3zDDoWfeUBl,159783
274,0.873,0.479,-6.683,0.222,0.656,8.13e-06,0.19,0.945,108.014,3aUviSdBVbsdmH406j5GZC,135013
275,0.478,0.504,-6.91,0.0305,0.162,0.0,0.119,0.309,86.048,57m2Kve0xnAgYVAPxMLKHS,168547
276,0.579,0.904,-2.729,0.0618,0.193,0.0,0.064,0.681,82.014,1rqqCSm0Qe4I9rUvWncaom,190947
277,0.28,0.185,-13.543,0.0302,0.778,0.00124,0.0735,0.0372,77.413,41ipttESZ1qXtB4mvnYJMZ,212307
278,0.205,0.255,-13.78,0.0341,0.952,0.0192,0.115,0.0377,68.685,2hcxPnu5RljXH0eMOtctuF,149027
279,0.572,0.442,-7.473,0.0374,0.101,1.22e-06,0.0984,0.132,76.973,4yqUwc3anK2zx40o5hMAJy,204920
280,0.395,0.00861,-33.257,0.0371,0.947,0.994,0.114,0.47,94.88,2gkQjjCGZyYiqtJIjoyZZo,21947
281,0.534,0.888,-4.667,0.0972,0.00128,6.15e-06,0.0772,0.582,158.368,2LA4v20vokK9Uaj7WEEMaf,233760
282,0.684,0.438,-8.309,0.0388,0.222,0.0,0.262,0.253,123.997,0x82ZV6zf2o5tOXIbN0aCF,322573
283,0.518,0.443,-9.409,0.0375,0.0359,0.242,0.189,0.0963,92.005,72vdTrpBZ7DgUamDyU48i0,219333
284,0.906,0.438,-7.574,0.0654,0.0425,2.18e-05,0.071,0.64,114.008,4UQeq4HUvC5uPEA9pWTgPW,245480
285,0.53,0.994,-9.629,0.0615,0.000592,0.00708,0.364,0.681,139.992,31JhTEAWmmhZIZTm40pQZr,227000
286,0.662,0.725,-4.55,0.0297,0.00199,0.309,0.15,0.107,119.924,0FenOOyd5CNdDGlxtQ86gN,220418
287,0.703,0.594,-6.146,0.0752,0.342,0.0,0.123,0.475,153.848,6fTt0CH2t0mdeB2N9XFG5r,114893
288,0.477,0.682,-4.931,0.0925,0.153,0.0,0.0763,0.345,110.567,6b2RcmUt1g9N9mQ3CbjX2Y,202205
289,0.388,0.018,-31.205,0.05,0.996,0.898,0.189,0.18,74.638,7MJYe6cZRdd3Y2AWuZxOWl,228832
290,0.256,0.0076,-40.119,0.0648,0.986,0.794,0.0741,0.671,103.059,67XhdhzqyCsRho5NOgU0Hh,24693
291,0.452,0.5,-12.368,0.0625,0.578,0.00122,0.286,0.767,190.329,0bFi9zW7jH6D3975CZaJ9x,158677
292,0.232,0.441,-14.604,0.0452,0.135,0.0441,0.668,0.237,147.655,2CsJmLlPQI24vl9OGY0BkS,307267
293,0.187,0.0766,-19.987,0.0368,0.46,0.979,0.391,0.0397,101.961,3YrSRU1HKiCPFnjAbZ7Rr7,347907
294,0.332,0.828,-9.466,0.0588,0.191,0.851,0.123,0.0559,129.984,2ibgB5zU0EGIh1x7JM8AMD,312000
295,0.223,0.227,-7.175,0.0349,0.961,0.0,0.0983,0.119,102.65,4W3YIfWajKA48VVz0nySba,191280
296,0.552,0.98,-4.676,0.254,0.00159,0.00552,0.438,0.668,162.961,4Dio1t8RHzLv1nfPJTSZyP,195440
297,0.266,0.00197,-42.287,0.0573,0.974,0.895,0.0817,0.0,104.891,3ataWltOu52D474mdIaGsZ,22107
298,0.205,0.304,-11.007,0.0356,0.352,0.35,0.137,0.0329,117.554,1ADmh0vnbY0EXlheDlx1H7,266000
299,0.198,0.146,-15.594,0.0401,0.711,3.97e-05,0.11,0.117,134.546,55mUrvxAYBNPX2fs0n85eL,278360
300,0.583,0.921,-5.309,0.0412,0.00421,0.0413,0.0836,0.482,125.921,7ldmPWVb7hQ8MXdMc2z1uL,248074
301,0.233,0.195,-17.202,0.0461,0.96,0.914,0.0793,0.0675,61.211,6opPrJUpq4Pl5c84eCwLmo,134133
302,0.791,0.574,-7.061,0.0673,0.324,0.0,0.102,0.406,122.053,2rWisQk9hxSap9ZtTx45sv,182767
303,0.27,0.925,-4.133,0.0524,0.0184,0.856,0.113,0.0943,127.022,68vngAOTRsviMGv2cb3AjX,265748
304,0.686,0.771,-5.697,0.0705,0.0254,0.000138,0.107,0.393,123.985,0euRZeEKvdbptPpebwDtLc,167253
305,0.465,0.687,-10.964,0.0495,0.0206,0.929,0.121,0.13,70.507,08QaHlMPWuO5PUxjl61bXn,90427
306,0.305,0.348,-16.196,0.0473,0.95,0.00743,0.95,0.104,84.371,4R5Pa2qKtMfZSIdzFpOmLu,67227
307,0.545,0.723,-5.182,0.326,0.195,0.0,0.119,0.504,109.767,6E6FNzunXMiidgxtnyX61d,197387
308,0.696,0.94,-3.498,0.064,0.00272,1.34e-06,0.0987,0.7,128.005,5o7TXypciBNWzWLE6Hdzuz,207976
309,0.406,0.0959,-25.601,0.0617,0.95,0.529,0.103,0.147,87.926,2W6QFwYXvxi01WPJ0EVmg7,59187
310,0.746,0.787,-6.373,0.12,0.214,0.0,0.0669,0.607,95.005,543bCW2ruMPmxUBWirQ3MR,206187
311,0.778,0.975,-2.277,0.278,0.0146,0.0286,0.1,0.244,155.028,632SuL1hpvESOjpOPeaNjK,247694
312,0.408,0.017,-28.384,0.0712,0.953,0.785,0.11,0.0903,65.426,2ZdRdbbk2bIguvHHbMOpnn,134364
313,0.849,0.678,-6.679,0.229,0.0154,0.0,0.111,0.224,128.97,3LfJqKVZjV32xmnJC2kNUC,127800
314,0.623,0.821,-2.395,0.0279,0.244,0.0,0.196,0.939,97.955,1qRncOkqxSUunvHEZByPrk,159507
315,0.319,0.0345,-24.637,0.0339,0.99,0.897,0.111,0.0387,106.014,77fX2S9z3cvleAERLRLVxP,179751
316,0.171,0.409,-12.299,0.0408,0.634,0.000527,0.39,0.055,116.863,3mhvfgxVWEI5i47eEQgBUi,97762
317,0.541,0.646,-6.451,0.226,0.558,0.00145,0.101,0.47,84.832,62ThvHsujqV9sMr1V7yAJr,234053
318,0.399,0.0653,-21.43,0.0327,0.967,0.000399,0.0624,0.0996,110.009,3Ozq5BPY75ba1vXp7fAr4G,227413
319,0.736,0.676,-6.531,0.146,0.129,0.0,0.147,0.345,150.012,0D3m8Q30hzGyJKH7LiPZl2,181862
320,0.795,0.595,-8.073,0.0698,0.0823,0.0,0.128,0.502,91.025,6aIAuKNU8JlVaTmoCYYN6U,196348
321,0.691,0.766,-7.869,0.0394,0.0385,0.0144,0.103,0.257,99.986,4xh4WZodJ7NpFi7zKgiW3q,222821
322,0.742,0.546,-7.694,0.0315,0.172,0.38,0.115,0.868,104.996,6X3FZtz4cKU2MKSQlGG9ZG,260520
323,0.936,0.479,-5.842,0.27,0.112,0.0107,0.0663,0.479,100.999,6bAirj2qDf0agxdMuIdq1p,185760
324,0.629,0.986,0.423,0.151,0.0218,0.13,0.425,0.0789,100.012,6NizMwLc7qHdtKGX5AeHh6,196800
325,0.552,0.929,-1.625,0.545,0.129,0.000363,0.706,0.173,159.72,0UDVMvCdkiUUlhexSbwIK7,196500
326,0.473,0.987,-4.585,0.105,0.00159,0.76,0.652,0.0922,137.99,2lUom7fxkna5qZq9z9YR8H,263635
327,0.353,0.878,-2.448,0.0608,0.138,0.0,0.355,0.555,81.721,1XS1SOCah7vnuKqSDxDEdM,177720
328,0.559,0.78,-7.925,0.0485,0.595,0.000494,0.314,0.469,129.36,15wUobuBJL5b25yUpHYO4W,197800
329,0.614,0.576,-6.252,0.0251,0.0707,4.57e-06,0.295,0.355,140.022,4DIXN5pGfWjYbIXXYA6pq7,207125
330,0.311,0.316,-15.706,0.066,0.836,0.345,0.23,0.223,173.174,5KRxb0utDe1NrAoxAVNCQI,321745
331,0.84,0.815,-5.483,0.162,0.282,0.0419,0.583,0.909,135.023,4qjkVyiiVbgp8YnuC8t4dT,279200
332,0.207,0.293,-17.386,0.0613,0.0186,0.631,0.774,0.195,75.301,1qcfedTeCgRe7ELMvCkYkV,131122
333,0.763,0.459,-8.011,0.0539,0.164,0.795,0.65,0.225,96.032,3bVtT5Lpum6O7LM0sCSiXP,192579
334,0.819,0.715,-6.287,0.0429,0.223,0.000253,0.265,0.946,133.358,5iMLW69RfhDTClx7N1nnfS,271746
335,0.156,0.0258,-18.942,0.044,0.981,0.112,0.262,0.0469,166.314,3G89P05PuaN8hJ7MaCgbSC,77720
336,0.747,0.643,-6.991,0.178,0.0756,0.00894,0.355,0.538,99.981,7dQFpbs34ufIEU745DVclf,147626
337,0.633,0.858,-7.42,0.0473,0.208,0.0112,0.0655,0.724,102.561,6Vz7vzOpCwKeSQlfViibuY,356520
338,0.585,0.453,-10.961,0.0954,0.99,0.91,0.113,0.936,83.823,6OntfECShL3puBKT5l4wcg,141133
339,0.223,0.0651,-21.076,0.0386,0.888,0.78,0.108,0.059,70.175,6ZGPUiXwAshZwFtTdIVyzl,177307
340,0.0589,0.00743,-18.617,0.0556,0.862,0.926,0.121,0.0357,69.557,3KZBBXvPRv9AeEXTZjvO46,1208806
341,0.431,0.479,-10.869,0.0966,0.916,0.203,0.11,0.088,131.966,0Fj4SRj6Y49Tf5ua87BOnn,276912
342,0.257,0.508,-10.713,0.0375,0.692,0.426,0.116,0.0748,120.975,3RnetWD906afSgSxZ2Lwee,133398
343,0.691,0.724,-5.489,0.106,0.00123,6.69e-05,0.244,0.289,126.014,2k7U163ZREgFqAAlOhsgcy,220952
344,0.781,0.854,-4.115,0.074,0.0263,0.000216,0.344,0.41,103.021,5KPKjcE2trO2hBWRzkb2Mo,160552
345,0.436,0.00164,-33.947,0.0954,0.943,0.864,0.0801,0.157,90.754,0Vxnof1DJlLfSRsa3kVBdz,192733
346,0.818,0.81,-6.603,0.134,0.153,0.000432,0.288,0.495,127.0,6AR289urelEaw30CPwcUyI,196627
347,0.849,0.875,-6.236,0.03,0.0947,0.0213,0.364,0.898,130.013,4IiKITgHYaHrF1zUlcTyVH,230933
348,0.739,0.677,-4.642,0.0502,0.0101,0.0454,0.0483,0.488,123.99,5UkGTxXOzeQgQmQknAYooV,255484
349,0.418,0.126,-18.577,0.034,0.784,0.832,0.0807,0.228,74.253,67BBamyXyAaWjHtJwEBPDa,227427
350,0.759,0.621,-5.233,0.0866,0.508,4.49e-05,0.265,0.612,120.053,14BPKhtTkVVTwSfWslRJW9,219493
351,0.754,0.939,-1.953,0.0387,0.124,0.00281,0.293,0.853,122.006,1tDUwlIyFFcmfMypYoQ4Ns,175082
352,0.518,0.679,-5.406,0.0355,0.079,4.85e-05,0.0588,0.106,132.146,2knr7ikPt4l7bk92qS4ZXW,214133
353,0.153,0.0104,-37.655,0.0426,0.982,0.916,0.0894,0.275,130.524,2XqvLbQiIGzVHSDGeKynlc,130653
354,0.588,0.325,-14.823,0.0337,0.892,0.52,0.101,0.545,93.909,5yc2APVVniRhfzEEdhVh7x,197640
355,0.493,0.977,-4.718,0.0541,0.0355,0.145,0.0815,0.346,100.036,5gVJk9pRLZc2x9WDrTj39A,212640
356,0.284,0.457,-9.239,0.0382,0.0817,0.0,0.413,0.293,86.88,15E2P2ToSLNnZvcOEQra6a,153787
357,0.481,0.648,-8.779,0.17,0.41,0.742,0.102,0.111,134.144,45KsTd0ZqKlgw0fNc8oyC5,216913
358,0.548,0.482,-5.5,0.259,0.046,0.177,0.117,0.184,60.352,7CGeuhEwxg4edNO5eLLCxm,217401
359,0.295,0.0302,-22.016,0.0468,0.994,0.011,0.0659,0.183,169.874,7hy2ImFgfUAZGY7VSxuvjh,255827
360,0.392,0.955,-5.088,0.0579,0.00482,0.00506,0.211,0.17,173.947,6ic1jTfNh3kSa7WtyFqJdS,171507
361,0.683,0.607,-10.666,0.118,0.00724,0.893,0.116,0.147,170.099,60ciowMLJRDlAsTGNVWfCR,161000
362,0.785,0.641,-4.25,0.0276,0.588,0.0,0.325,0.648,95.987,1Z9mxI875EJS1mJrF7ho8Y,242992
363,0.585,0.782,-4.101,0.0897,0.269,0.0,0.156,0.521,121.908,11o2y87vqODipLK98a1v34,169303
364,0.441,0.392,-12.032,0.0333,0.456,8.72e-06,0.163,0.16,115.531,0mr11BVGZ9AAy24whnsQu1,238467
365,0.598,0.71,-6.839,0.0272,0.0476,1.77e-05,0.1,0.726,97.976,3O8X1DE9btbzy4UH9cSX9a,274294
366,0.685,0.939,-5.103,0.353,0.192,0.905,0.141,0.151,107.193,18yL4bA4bp6znXi73W6dg6,160769
367,0.142,0.256,-16.03,0.0447,0.882,3.18e-06,0.365,0.11,179.208,6xemJUeG7BV9RA5eYUx8iH,131760
368,0.427,0.757,-6.16,0.0316,6.99e-06,0.956,0.7,0.216,139.972,5FvmQaAXYjjBtdOpe8SgQO,289976
369,0.402,0.558,-12.786,0.0359,0.0902,0.88,0.173,0.652,130.526,1rD9sOqJSlzvLHtpuEW4El,606160
370,0.569,0.738,-5.739,0.0374,0.102,0.0117,0.0996,0.242,94.967,7Ea5tyMeUFOvtJbXsqqtdm,217853
371,0.794,0.645,-7.926,0.0981,0.00079,0.903,0.0487,0.141,131.973,6Lg1GvSIe1Tr1EHsM76aEj,213440
372,0.882,0.689,-4.027,0.124,0.39,0.00325,0.0501,0.746,97.963,2qG5sZ7Si6sdK74qLxedYM,161627
373,0.476,0.459,-9.585,0.0307,0.205,0.156,0.0796,0.677,130.459,3OU1D370fLnkVV1vl3APh0,47613
374,0.788,0.335,-9.624,0.0356,0.767,0.00659,0.109,0.604,100.025,4BEGJ2RsnJCgTIRtGDDpAL,230400
375,0.189,0.14,-15.259,0.0363,0.991,0.0274,0.0848,0.0401,111.263,3fBOutFRFB019RGMxxtCxM,211773
376,0.163,0.1,-25.62,0.0398,0.993,0.59,0.1,0.0335,131.071,2RVewNPfueZ2vopns0YN4Z,194280
377,0.602,0.847,-5.998,0.0589,0.00903,0.0306,0.0622,0.0863,138.025,6ERSDo9QS3aHBrayMtoOJ4,235200
378,0.646,0.403,-15.677,0.0421,0.244,0.836,0.145,0.234,121.869,4nOPmpPaVcXaEZ11sJesG1,354642
379,0.776,0.568,-6.419,0.125,0.0204,1.69e-05,0.078,0.749,150.901,7cLm450e9XaPrEZTSTsfwU,194526
380,0.658,0.96,-6.251,0.0474,0.066,1.38e-05,0.154,0.961,136.005,3hVq58fi4oFSlf5LxnAOgA,205000
381,0.175,0.0273,-27.027,0.0434,0.948,0.876,0.0499,0.0397,116.461,71pIVToleCdWgHNdgwTeEb,463627
382,0.189,0.362,-8.915,0.0331,0.649,0.39,0.106,0.0979,111.783,31LKL7XfxR1PTm6Or9KTKv,353732
383,0.308,0.121,-22.404,0.0392,0.943,0.948,0.0862,0.128,80.485,2D2d6XAFOZXX60ilVwgYFR,190813
384,0.978,0.481,-7.51,0.242,0.00785,0.643,0.0903,0.197,124.998,5n4uWPmWMbg4XLzrkck25e,294874
385,0.679,0.813,-3.367,0.199,0.122,2.83e-06,0.263,0.584,136.067,6qyz1KOlGJsKYJ4ZsRmRSD,190786
386,0.658,0.852,-9.058,0.0493,0.00567,0.000484,0.341,0.73,92.346,6Wux9SSXcUdgwG7TItGTJz,248491
387,0.384,0.0414,-23.019,0.0378,0.992,0.897,0.0684,0.0618,71.224,5Pl2CXDkaP6WEnJ0bpKGOm,326520
388,0.68,0.559,-5.545,0.129,0.172,0.0,0.318,0.137,202.006,63cd4JkwGgYJrbOizbfmsp,194520
389,0.81,0.323,-13.071,0.0906,0.00897,0.871,0.0558,0.59,100.008,34psbLiYloOZpfjzZghRjx,193000
390,0.527,0.964,-5.966,0.0439,2.81e-05,0.804,0.154,0.735,154.829,37TDx6kfvk3ckBWfqXU9dN,358377
391,0.664,0.191,-16.311,0.0706,0.926,0.0,0.186,0.468,113.179,0kQGQHSnNZqYEIPVMaZgCx,118773
392,0.69,0.734,-6.377,0.0316,0.0933,0.00531,0.137,0.459,124.033,5oAoyYgXYyL9k7P2px4NHT,159013
393,0.395,0.0484,-19.062,0.0575,0.994,0.0319,0.0822,0.461,135.872,0yl09UfwJ4E563exIq60bq,344265
394,0.708,0.738,-9.509,0.0422,0.0678,0.0928,0.354,0.545,160.554,4fHug3zCanK33sdvticISi,300227
395,0.847,0.579,-5.314,0.0719,0.0268,0.0545,0.102,0.569,137.998,5Il6Oe7lr5XM7A0cWbVQtr,267107
396,0.518,0.938,-5.964,0.0416,0.021,0.000305,0.288,0.71,139.138,6fybp4N6eW3bsFAvARxyVe,227800
397,0.398,0.284,-12.852,0.0337,0.966,8.57e-05,0.116,0.114,109.599,0dRhSF9LV0HR8Jwd3MMMKJ,230307
398,0.238,0.0737,-24.109,0.0546,0.994,0.131,0.0515,0.1,119.0,5jlEc6MceTTBMqaN2AxLQq,271040
399,0.498,0.795,-5.992,0.0444,0.00482,5.37e-05,0.124,0.762,172.564,0aqRkWPAL9BGCvvdSiXaE9,207307
400,0.693,0.782,-4.657,0.049,0.357,1.26e-05,0.164,0.816,177.947,2XwRb3PfGK405x1lIQeykF,197191
401,0.491,0.523,-9.417,0.592,0.155,0.0,0.405,0.243,73.79,6f6xUMBUrXYK3JrlXXCm3R,323307
402,0.305,0.989,-5.865,0.0794,9.06e-05,0.657,0.597,0.363,134.579,43AEs8ienN3ilhZj77Fjte,246000
403,0.549,0.03,-16.755,0.0799,0.877,0.0,0.0893,0.344,102.464,65yU9EwZHSFalnllqtmOJ6,166893
404,0.682,0.763,-4.608,0.446,0.0674,0.0,0.0467,0.819,129.802,2Cv6sj92iyLBrHH80Cfs32,186469
405,0.584,0.857,-6.725,0.0302,0.00289,0.0143,0.359,0.509,135.997,3jjhHmTYb7t0mFCTiDg0Kg,232467
406,0.606,0.955,-9.857,0.0462,0.115,0.0547,0.15,0.285,125.007,67Hp634KZbo9B5WMsJOalE,330533
407,0.347,0.413,-12.904,0.0346,0.745,0.00778,0.705,0.231,96.306,0FN4yMM8vhSwVkJu3CLtB4,196587
408,0.78,0.771,-9.461,0.0381,0.000957,0.537,0.0802,0.749,122.993,6lXmPzvaxcMwFNDyLlC7xF,353874
409,0.45,0.12,-14.794,0.039,0.984,0.0392,0.13,0.202,94.894,1k0P3hB4PJLrZisvy8Kpuy,148693
410,0.222,0.88,-8.335,0.258,0.619,0.885,0.656,0.0778,95.126,4gCjTD3RUyI6yOKGRiko5Q,488081
411,0.204,0.152,-15.486,0.0334,0.992,0.00033,0.153,0.103,60.082,0ZBXVNy5LRylcmcveCxNuX,135920
412,0.702,0.433,-16.928,0.946,0.485,0.0,0.45,0.319,165.996,0Cfy5Kh2NZIOZv7rtOizPa,20840
413,0.691,0.749,-5.498,0.0457,0.0559,0.641,0.0695,0.95,140.121,4FEQjZ3mpJcWUbA2igbdLh,205013
414,0.926,0.4,-9.75,0.633,0.00921,2.47e-05,0.109,0.378,120.992,0U0DggJOVTSXqI01e0xegS,102243
415,0.669,0.397,-7.948,0.0341,0.47,0.00899,0.0949,0.293,117.895,7pLfRDllsqkin2JgOmPT8H,200640
416,0.3,0.0985,-23.111,0.043,0.951,0.00168,0.543,0.0767,82.028,0pACO4CPs0OXgSPjgq5vqL,76440
417,0.565,0.761,-5.836,0.0622,0.00277,1.7e-05,0.585,0.463,127.861,3mVMnojt6eauU0Hd0fhEPZ,213507
418,0.803,0.873,-2.976,0.0371,0.0323,0.0322,0.0836,0.728,127.085,6TyXieyAu2z51H6VMPKRI4,155755
419,0.573,0.981,-7.634,0.0674,0.0034,0.755,0.34,0.0642,141.168,7FhMo3HBdR6CC5PMBVQoN3,208040
420,0.41,0.884,-3.224,0.0502,4.8e-05,0.395,0.0934,0.0541,170.036,16COcvrYaOoTwiIkmBLQs5,342616
421,0.54,0.875,-4.542,0.0453,0.00179,0.791,0.102,0.614,140.904,2kR0SaKJW7bgw2yKviowMc,198173
422,0.529,0.377,-10.601,0.0337,0.914,0.0,0.16,0.357,111.536,04DJLwJUYNuOynWG3IrIk9,469760
423,0.782,0.828,-5.82,0.0496,0.00462,5.44e-05,0.0973,0.661,127.968,6slnz0q9Peo9Pnok7U51so,275415
424,0.63,0.756,-5.077,0.112,0.146,0.0,0.389,0.695,130.096,5zUK6nDsMSfH2inKKJF47q,216533
425,0.751,0.88,-6.654,0.0442,0.0038,0.936,0.162,0.399,138.0,5ITn6PS4RODpPjl75qMG1w,284360
426,0.137,0.356,-14.505,0.0413,0.949,0.896,0.0723,0.119,79.711,4zxhB04hOD0LXvZ3pLUT4e,616067
427,0.792,0.932,-4.881,0.134,0.0584,0.796,0.373,0.743,140.021,7j9dGboIx3mSRtlupOfwBB,250624
428,0.575,0.995,-5.953,0.099,0.0302,0.69,0.341,0.278,136.997,07V8WFArYiW6wuBO4rZbaw,177595
429,0.303,0.129,-15.069,0.0301,0.89,0.00776,0.123,0.155,84.167,5IafdoRLyaGPeeA6f8ysIe,118933
430,0.599,0.733,-7.058,0.203,0.176,0.0,0.242,0.534,102.211,7COXchtUOMd6uIT6HvmRaI,162583
431,0.817,0.719,-6.858,0.0982,0.351,3.33e-06,0.0592,0.838,137.944,0dAn58pe2GWDTlqa2Th4mP,154387
432,0.162,0.00809,-35.196,0.0442,0.967,0.128,0.0678,0.0611,76.721,2zIJiwWWKwvEaxAPiFnn5r,141960
433,0.776,0.599,-5.588,0.147,0.367,0.0,0.149,0.536,121.997,4lszNcJSaz61QT6gpMhFU1,184909
434,0.291,0.651,-8.688,0.0339,0.0823,0.0337,0.152,0.0391,89.999,0NoRhep7C0usvzPiRTTuYy,242516
435,0.759,0.625,-7.933,0.191,0.121,0.0,0.0888,0.626,120.112,1nYj5Hv2ON80QokibDMvOE,185834
436,0.516,0.796,-6.477,0.0467,0.0811,0.0,0.0973,0.738,93.915,5pIo87IJw1JsyLqF0ETO6q,188086
437,0.211,0.28,-17.86,0.0469,0.373,0.872,0.175,0.039,161.826,79mcqvpnIASmHcFUy72Z98,67383
438,0.647,0.686,-8.579,0.0813,0.00909,0.588,0.378,0.155,151.023,4grCJHIil9ejY5sy8unrFD,233572
439,0.738,0.583,-7.996,0.0506,0.188,0.0215,0.0835,0.493,95.063,7lkQTp7j815mtUuSO9LFzI,237973
440,0.387,0.132,-15.142,0.0386,0.914,0.000707,0.281,0.323,100.0,5J4pDyvjRrYfcgHetKjKSj,195493
441,0.539,0.61,-7.376,0.34,0.582,0.0,0.132,0.339,182.622,3TMEe92pfb5tNMAiA1auhW,126593
442,0.161,0.385,-19.992,0.0435,0.0964,0.929,0.11,0.0343,131.631,78rbLoOsyd5tYWCIrWTdRA,261029
443,0.798,0.534,-12.718,0.0394,0.155,0.0013,0.113,0.848,114.75,1Gnufs5iuI3h5ow29J7tOO,286960
444,0.217,0.000457,-35.885,0.0513,0.991,0.968,0.106,0.322,112.14,7wL51rYL9slmCnsZkg1xT1,94773
445,0.886,0.642,-7.141,0.0995,0.141,0.00427,0.129,0.581,100.015,2eRq2jwsZtb0uGH4qUsvT1,147120
446,0.663,0.971,-7.29,0.0657,0.0347,0.726,0.172,0.524,135.003,1vvdSt0Q15qMCbo8mkUea2,243027
447,0.0,0.000216,-19.247,0.0,0.931,0.276,0.603,0.0,0.0,415i8xJTmcHGHRRuODlAnW,218919
448,0.239,0.642,-7.01,0.113,0.286,0.00342,0.387,0.34,90.085,4kn0bbJTa962lXzvH0SME6,164073
449,0.65,0.82,-10.9,0.0356,0.0662,0.00272,0.215,0.757,135.982,623rRTKwGmgjH6sjE9uWLh,215973
450,0.589,0.872,-9.826,0.103,0.0156,0.0227,0.133,0.795,144.905,2asgEQGiNdD0N6aqIyxCpb,187862
451,0.678,0.943,-6.289,0.0334,0.00149,0.877,0.0629,0.365,127.01,1fcjzij6yGlkRhQNTp7Vqz,287244
452,0.711,0.979,-5.004,0.0489,0.0647,0.8,0.0481,0.963,132.943,3vvPzmRKwWXDosbNCkJ44P,311680
453,0.264,0.0439,-28.72,0.0707,0.959,0.982,0.103,0.102,111.272,7q2UwyLeqmYQu0jL2R23Df,77907
454,0.354,0.623,-10.281,0.0669,0.0485,0.000111,0.0933,0.169,130.131,2aOzAJN5zHPFAryY7G65U9,332947
455,0.677,0.726,-9.233,0.0497,0.0128,0.0376,0.277,0.046,138.868,57IQIaxXTT10kqf7g2udCH,204867
456,0.752,0.886,-5.089,0.0743,0.253,0.944,0.0762,0.0664,111.054,1zuiU5zYfNP7WY6wcHQUR4,266751
457,0.066,0.0292,-34.363,0.0558,0.94,0.745,0.152,0.0299,71.521,0fpLezCOQNSFSH4csUgK2X,295667
458,0.756,0.826,-4.489,0.132,0.000773,0.00141,0.277,0.766,96.978,3cEPrLOCwT5nsbmPSLk5QH,189573
459,0.567,0.707,-5.455,0.0818,0.541,0.000176,0.1,0.751,171.917,4YYHgF9dWyVSor0GtrBzdf,208427
460,0.542,0.66,-6.467,0.0357,0.0747,0.0,0.184,0.154,127.891,7JpsDefhsnsWn1P6cYfzMr,418867
461,0.671,0.314,-8.091,0.244,0.11,0.0,0.0825,0.296,110.898,4pAl7FkDMNBsjykPXo91B3,191600
462,0.654,0.91,-5.065,0.223,0.147,0.0,0.0428,0.697,85.314,6lxHQ38x0y9V93ftTiu4v9,165133
463,0.583,0.829,-4.603,0.134,0.00864,0.0,0.0426,0.575,174.028,49FYlytm3dAAraYgpoJZux,275987
464,0.844,0.659,-5.587,0.0626,0.0376,8.07e-05,0.0523,0.54,122.683,3YGg9SjRxud5aWsEjllwXZ,267080
465,0.849,0.778,-5.443,0.217,0.0358,1.43e-06,0.126,0.634,126.842,6zcSWREy1vcJ4aWt7bzBW3,232422
466,0.593,0.686,-10.222,0.0465,0.00948,0.0658,0.174,0.322,135.031,1vaTXnSWv7IgupzHO9ySZc,192000
467,0.404,0.52,-10.313,0.0899,0.219,0.000221,0.148,0.0375,131.828,7DH2NtZkEcaHNNWSnGoAhL,149091
468,0.756,0.764,-3.837,0.229,0.0946,0.0,0.0909,0.642,132.073,6jmuzJIkp31AMa2n4W3XSm,191260
469,0.17,0.267,-14.113,0.0346,0.949,8.75e-06,0.116,0.07,97.436,6AD57w3Mgb85KgPLlXckyi,279600
470,0.638,0.727,-7.53,0.0642,0.0121,0.492,0.199,0.389,87.993,6EZqGZpeLxrQ1JkkDu9M0i,200953
471,0.119,0.199,-12.641,0.0375,0.824,0.815,0.0966,0.0591,72.394,2gwWX5xo7izyu63ILcTXs9,340880
472,0.388,0.765,-10.567,0.218,0.00886,0.0194,0.359,0.429,81.225,1wfkwHPoYsb6jXZDjax5eW,230520
473,0.525,0.324,-16.913,0.401,0.634,0.0384,0.114,0.171,73.464,7kTIeKxTXkMp6HeDfjjKV9,520560
474,0.65,0.821,-8.997,0.0301,0.000449,0.587,0.119,0.96,119.073,56r15mfaTXZoGEYBe2FHur,221000
475,0.238,0.0387,-25.447,0.0446,0.988,0.012,0.0886,0.116,163.876,5gr5oxbwGyAoJJ3RvXrHDF,245027
476,0.703,0.843,-8.292,0.132,0.0798,0.661,0.0706,0.806,130.141,3LvLpRi5UGlkPcZxtrqquE,286154
477,0.672,0.826,-5.963,0.0399,0.0104,0.885,0.255,0.036,140.034,6qW9UWOSAjdc30mrW9GRKm,212773
478,0.539,0.655,-14.259,0.0346,0.44,0.891,0.152,0.416,126.003,0pw5AOyPtXTKqSzNAIxl7Q,324899
479,0.259,0.715,-11.966,0.0445,0.00758,0.0237,0.0744,0.436,119.978,6JOSrjAwtkMWXm7quBdyGm,290587
480,0.3,0.81,-12.728,0.0604,0.0485,0.885,0.107,0.178,108.65,5GAtf1fe8dn05VTnnHsSpr,162213
481,0.49,0.91,-5.136,0.167,0.00107,3.7e-05,0.311,0.261,160.031,6EyFNA4x4aYBHVEzu7f1WW,228302
482,0.446,0.228,-13.369,0.0296,0.608,0.408,0.105,0.0636,127.946,1RRaPRjn9u9NXZ7Nco5PYz,107747
483,0.719,0.704,-4.724,0.0476,0.0691,0.0,0.166,0.628,133.002,25sgk305KZfyuqVBQIahim,187436
484,0.22,0.057,-21.724,0.0413,0.959,3.14e-05,0.108,0.142,151.96,43AiEY2ztKnsFLKM7CCHBk,207707
485,0.128,0.0633,-19.141,0.0394,0.752,0.577,0.0919,0.11,91.267,3w6g63Sc6HozsK8LMFwhYl,164164
486,0.656,0.32,-15.261,0.0348,0.495,0.0614,0.0765,0.573,91.368,25e6EHX8YyC5hsaipxdHCz,269800
487,0.775,0.327,-13.635,0.032,0.743,0.287,0.091,0.458,95.036,5JOnQCQ9OGn7hY23aCkdlL,198960
488,0.642,0.837,-9.604,0.0339,0.0195,0.772,0.192,0.668,134.019,6o8TYbO9apASEjIIp12ai6,188640
489,0.755,0.615,-8.245,0.0454,0.00587,1.75e-06,0.109,0.039,105.955,5aXgz1oKK8Q9z9xvTmSnrO,215364
490,0.666,0.432,-5.335,0.0375,0.36,0.0,0.0703,0.592,97.035,3Mvd9KPeMf2YQa1MiQGKmV,192853
491,0.165,0.287,-9.941,0.0337,0.677,0.0903,0.0995,0.0513,131.075,2nvTJbyIICxuGzOCXV3jbI,300923
492,0.306,0.921,-10.498,0.502,0.693,0.623,0.152,0.613,84.051,6s5ObKZSyybTlCdrzs9qmS,415533
493,0.322,0.301,-18.834,0.0413,0.767,0.0119,0.109,0.904,129.064,7du4n6MD8EPGY6gadTZSbj,91760
494,0.531,0.936,-3.975,0.0786,0.00284,0.000173,0.665,0.556,120.057,3X3FzrA32EbYvu3n3526w4,185279
495,0.384,0.514,-9.445,0.135,0.331,4.26e-06,0.169,0.151,68.967,6lFXPTrji6xj1kvuv3u5c3,150857
496,0.164,0.281,-13.549,0.0359,0.979,0.918,0.112,0.214,172.881,6b6eJ6TUApdRxmOUMwqYCm,362773
497,0.711,0.967,-8.206,0.0943,0.0254,3.65e-05,0.0676,0.966,164.994,1mNSomylino1Hoaw3MzCC8,125125
498,0.499,0.794,-6.383,0.0447,0.000687,0.00407,0.432,0.212,95.024,07TwX5DB1dq9tJ1L7z77qb,331600
499,0.257,0.0906,-25.381,0.07,0.932,0.985,0.0786,0.0451,67.46,1vgSaC0BPlL6LEm4Xsx59J,266200
500,0.093,0.0109,-33.977,0.0491,0.906,1.15e-06,0.346,0.0366,80.968,5EE5ZTlWMVq7ygSJ3ZlQAA,267333
501,0.243,0.0884,-18.325,0.0397,0.942,0.343,0.0919,0.0908,79.391,5jtVwwudFylRvCGrG4CbIm,60067
502,0.558,0.55,-7.399,0.118,0.32,0.000257,0.167,0.877,109.531,2M9jRVvBzmKuWsB9CfbTSR,172867
503,0.811,0.417,-5.938,0.0377,0.155,0.112,0.136,0.748,119.95,5GZd8HhtgFqnh4ttLV1xle,130125
504,0.498,0.104,-14.08,0.0621,0.979,7.86e-05,0.0895,0.205,124.001,14JzyD6FlBD5z0wV5P07YI,199931
505,0.531,0.854,-3.149,0.198,0.288,0.0,0.0773,0.456,94.419,6xtcFXSo8H9BZN637BMVKS,190000
506,0.487,0.789,-3.69,0.044,0.00947,4.05e-06,0.189,0.0564,150.007,7wBJfHzpfI3032CSD7CE2m,270715
507,0.635,0.827,-7.541,0.0583,0.211,0.00719,0.0947,0.272,149.974,1CTNJ1q04w5kFJE70ZLCMp,197962
508,0.396,0.293,-14.062,0.0275,0.941,0.000196,0.105,0.343,100.307,44AyOl4qVkzS48vBsbNXaC,182360
509,0.715,0.769,-2.767,0.0332,0.0678,0.0275,0.131,0.511,127.999,3rKDs5jEc1wT3pk3kZANvY,200056
510,0.61,0.621,-8.159,0.0779,0.0216,0.000176,0.119,0.0824,115.975,1N0rYVSziD8aPL1NRgsWz2,231083
511,0.811,0.676,-9.522,0.0642,0.0785,0.00383,0.936,0.425,134.006,6EhN3DxLOZl1KzeYy3bMsl,331413
512,0.182,0.0396,-18.585,0.0381,0.828,0.918,0.186,0.0689,80.803,1DfPtxCVuJgbqCCttbfauP,30800
513,0.647,0.96,-11.803,0.0611,0.00618,0.752,0.182,0.64,145.487,1vNfonx8tTKaORUiQkb3WG,380407
514,0.662,0.588,-7.298,0.0358,0.0421,0.0032,0.278,0.817,83.0,6qKSBmnxhOPh9PMRufA3Ds,180617
515,0.675,0.887,-2.818,0.0395,0.019,0.702,0.0965,0.571,136.913,5xOpRByu16GhJNGOBmIdIC,362667
516,0.0879,0.0226,-28.19,0.0427,0.833,0.929,0.0704,0.0302,166.59,431AfKt1pT8HjheyNgiBkf,259840
517,0.224,0.126,-27.359,0.0438,0.884,0.972,0.0874,0.39,94.342,1XUj44Z64AaDnqto2vMAiS,30307
518,0.475,0.941,-7.042,0.0345,0.000125,0.0102,0.276,0.262,167.973,2PVqPbRv7mlCp2JYzDeMsc,213113
519,0.817,0.517,-9.613,0.113,0.23,0.0,0.315,0.541,145.026,4iZC3zbvagtT4UbvuwH7fQ,177188
520,0.632,0.724,-6.101,0.0874,0.504,0.0807,0.408,0.471,138.472,3psExFmkwURnOeOLNZZCNX,104491
521,0.178,0.0146,-24.421,0.0444,0.979,0.021,0.117,0.0372,137.744,6hIYtYKvxuvKAgxUmmlbFk,290560
522,0.336,0.231,-6.217,0.0497,0.942,0.0,0.188,0.429,168.685,0v2LUO8oTHnkjQ8MmKuXyk,37640
523,0.38,0.0151,-26.163,0.0276,0.369,0.551,0.109,0.0381,78.038,0qAKn06RfHJTeikSFYqH1h,113107
524,0.966,0.435,-4.944,0.0674,0.0604,0.22,0.0511,0.561,111.16,4MAADpR6MjelkaZqe3Mgnv,126386
525,0.682,0.894,-1.73,0.0727,0.0381,0.0,0.416,0.845,95.992,5p0KCAuu5nrHpTuAIhHdLw,198600
526,0.588,0.567,-3.738,0.0628,0.221,0.0,0.135,0.113,150.009,1xYpVRspgaLxdJLOTQkTjg,338438
527,0.307,0.237,-13.589,0.0434,0.745,0.642,0.358,0.111,76.029,4Ovadhy71Ah0hbO8RKQ9Zc,553307
528,0.473,0.799,-6.253,0.0518,0.00257,1.1e-05,0.107,0.0695,137.073,0CaVS2uwYUv84UsR7ZXZ2S,201641
529,0.5,0.972,-4.08,0.0671,0.00275,0.00434,0.184,0.403,139.981,14DYZOTdLaWDWHgg37eNlK,197050
530,0.309,0.229,-18.258,0.0315,0.865,0.883,0.118,0.0382,200.702,1B53Uecac30G7cQzrm4jR4,283266
531,0.53,0.189,-7.934,0.0824,0.551,0.084,0.122,0.119,209.08,2EEjiKbE4pAjX49TrBzw1X,66227
532,0.605,0.793,-3.084,0.297,0.0825,0.0,0.124,0.647,184.032,68Cttjj02Slyyqw79XVLBN,196640
533,0.547,0.523,-9.176,0.0572,0.724,0.0,0.103,0.89,169.598,6oRHRkQigTzJ3KwpO3XOV6,142907
534,0.738,0.629,-4.882,0.0495,0.268,0.00114,0.163,0.319,146.067,3QybPutx0Tjk472bBKjNWn,180898
535,0.771,0.463,-8.932,0.0425,0.689,0.00487,0.195,0.492,110.035,4j5YzAphVCaOIgEWsenWlx,140840
536,0.768,0.933,-2.95,0.0385,0.206,0.915,0.0833,0.245,124.996,4qDHt2ClApBBzDAvhNGWFd,161280
537,0.808,0.661,-6.237,0.0395,0.0358,0.0,0.138,0.804,107.992,1m0UFnuTktOkksvjbF9z0m,235556
538,0.195,0.126,-16.941,0.042,0.886,0.00466,0.0864,0.0945,170.055,2YLJGLPcQ5sitneabdBDVr,391866
539,0.573,0.545,-8.782,0.162,0.0193,0.255,0.31,0.122,120.172,4cp8aHIJj617CGKc6m0dfz,900709
540,0.624,0.654,-6.582,0.183,0.577,0.0,0.104,0.564,73.898,7Lf7oSEVdzZqTA0kEDSlS5,288333
541,0.657,0.685,-5.735,0.0849,0.0931,0.0257,0.0922,0.407,164.555,0qKxqVcFCMmrjjvIgjjEE6,193138
542,0.386,0.337,-10.863,0.0586,0.852,0.00015,0.103,0.343,134.416,1kJsEFWPMFXg3XkNGqOcWg,153600
543,0.516,0.684,-5.659,0.0797,0.652,0.0,0.685,0.84,161.167,0BbA7S30mOQB94e4IBnqCt,131160
544,0.715,0.62,-5.428,0.0507,0.0322,0.0142,0.0881,0.456,96.812,12SJpYZEdj4kzWZ8FPFg4Y,235540
545,0.453,0.722,-10.206,0.0341,0.0219,0.89,0.278,0.432,92.812,7wYWDOEnvyKerKRmTHU8rU,220905
546,0.602,0.616,-10.917,0.0353,0.662,0.0153,0.149,0.31,108.017,2II03llydk4YnkBBvoYB3B,367333
547,0.143,0.0286,-24.565,0.0483,0.981,0.944,0.0804,0.0352,75.411,7wDXMsZfct6TT0TOWDGNIG,295150
548,0.699,0.786,-5.331,0.15,0.0436,0.0,0.918,0.583,130.063,4iFo9FLtTMSN9ZKQnxpFGa,173816
549,0.239,0.466,-9.247,0.0298,0.742,0.821,0.135,0.104,137.404,6aYb4rAp6yu2BZDY2YaPhK,290787
550,0.455,0.505,-11.893,0.0274,0.155,0.583,0.141,0.089,167.979,3D4MFqv1yjHj2YTZ8ViktH,282560
551,0.365,0.0332,-25.054,0.0359,0.985,0.885,0.0769,0.0355,131.894,3te67A8JsmBOGukQHvITZY,211667
552,0.679,0.813,-5.237,0.295,0.0621,0.0,0.272,0.642,125.033,2qbhijQG7phGVHkPt22fTP,213773
553,0.694,0.77,-5.335,0.149,0.176,1.1e-05,0.118,0.163,125.905,0E9ZjEAyAwOXZ7wJC0PD33,184560
554,0.8,0.538,-7.601,0.39,0.0162,0.0255,0.126,0.287,125.985,3ZoEWVU66jNJTict8ZN20J,309355
555,0.955,0.691,-3.048,0.254,0.0233,0.0556,0.338,0.745,118.038,0YuR4igmkzdY3BQUuAOBeE,144476
556,0.746,0.711,-5.318,0.0512,0.0182,0.0,0.06,0.517,98.032,4neipBD8hA1q2g1FS9hgAC,186694
557,0.523,0.828,-4.696,0.0762,0.0136,0.000255,0.165,0.476,96.952,1u0l8zWpQeMYStFkc2mLD7,214827
558,0.772,0.787,-2.8,0.0737,0.00142,0.0,0.617,0.631,98.011,5aOpKCKguEnViGOKZxZern,176308
559,0.867,0.509,-4.884,0.0918,0.0295,0.0,0.0424,0.684,100.998,2H9zpvV33I48HE5jnNvWVB,163001
560,0.513,0.992,-3.075,0.114,0.00236,0.0336,0.317,0.365,169.954,1PGbCbiD4Tkg8SE9N3AOQS,366666
561,0.636,0.753,-6.342,0.38,0.448,0.0,0.285,0.755,128.451,0Yfn3Y20WHJ4qsY5UznuyM,198440
562,0.703,0.696,-5.482,0.0529,0.0375,5.65e-06,0.274,0.366,121.969,5SxkdsY1ufZzoq9iXceLw9,205947
563,0.707,0.923,-3.957,0.0521,0.128,0.000437,0.273,0.842,108.049,5QhBKPqsnX1uY9fZNaAtZg,203000
564,0.277,0.0963,-18.044,0.0425,0.929,1.52e-05,0.217,0.0752,114.283,1IzwfUMIkvuMx521vg9MGY,112400
565,0.318,0.228,-17.061,0.0489,0.942,0.115,0.121,0.0623,108.783,1sj5JSeyaPs1fwOV6wQnPr,240053
566,0.704,0.598,-4.922,0.0309,0.0283,0.0,0.106,0.472,115.483,3qrH2YFnbEiQeUe4wzgOuP,196707
567,0.797,0.934,-4.507,0.0926,0.204,0.0,0.119,0.519,116.438,0FpLfrOyHblbDlHUsrPN1N,324400
568,0.842,0.651,-13.345,0.0603,0.196,0.0788,0.0257,0.739,114.506,2YjZLeLx3Pl2DTIhvc1iRq,275627
569,0.429,0.913,-4.078,0.0543,0.00421,0.0268,0.073,0.548,172.826,0ZFyxfO4hNXvaWyH6pzHCb,357820
570,0.546,0.642,-15.554,0.0394,0.913,0.719,0.109,0.363,145.517,4ZQw6sdGJmNwRvfVeXnUa0,285477
571,0.452,0.0853,-23.104,0.082,0.901,0.943,0.0949,0.434,98.423,5WN0BMPhV5wpgAJzrbKN9f,113293
572,0.724,0.895,-3.617,0.0411,0.0322,0.0,0.097,0.64,96.022,1zsG4eaZmkA1dvjDDsAGLK,173720
573,0.495,0.294,-10.717,0.0273,0.58,0.0,0.27,0.599,70.563,3CvPMvWUPE2BVfm0a7Nlfu,161251
574,0.268,0.217,-8.433,0.033,0.729,0.0,0.0902,0.136,203.824,3ZCgBMGvecbG58lRYfwZVf,205470
575,0.565,0.972,-2.933,0.231,0.116,8.05e-05,0.0694,0.306,127.907,4dKiQuoUEtwEbY44QvdYSm,192533
576,0.598,0.601,-4.957,0.0496,0.389,1.23e-06,0.355,0.302,82.497,42tbTfWBloRkpG96ObTRIh,210211
577,0.859,0.828,-6.925,0.0529,0.0156,0.000828,0.0205,0.36,124.023,5LCKQ7PXZRIKnBbABb7ed0,201013
578,0.778,0.615,-8.675,0.0397,0.104,0.000112,0.0797,0.769,116.534,7yEenmqqMU62MZTNPtyggZ,257043
579,0.168,0.101,-12.992,0.0346,0.912,0.00764,0.108,0.234,111.324,34eN9hPY1IsW4LlGYgPCO9,243507
580,0.354,0.33,-8.242,0.0374,0.401,0.0,0.148,0.547,82.122,2axyTzNktNPDpD6JpPFHL4,223693
581,0.754,0.876,-5.427,0.0696,0.00451,0.0988,0.155,0.671,127.967,5WEYk2b7fdg0hl42Ts3f4I,399547
582,0.275,0.0929,-26.149,0.0404,0.958,0.862,0.11,0.119,134.777,2BEotXjpn6OodNJeHoJcPk,358813
583,0.642,0.541,-6.075,0.0279,0.353,4.54e-06,0.173,0.15,129.949,5QZNk5fijtGYlopzGgC8Vt,195726
584,0.515,0.559,-6.486,0.0276,0.608,0.000642,0.355,0.458,127.829,58EXkVzzAayh1jTIxs8rxZ,267400
585,0.403,0.391,-11.551,0.0303,0.689,0.0,0.188,0.604,172.049,171dFIMmgM5hjhsKJjaI2f,153920
586,0.649,0.909,-12.349,0.0798,0.00278,0.628,0.0871,0.548,155.054,41vTXFJJpJFJrbd8k0IlZW,250973
587,0.464,0.601,-9.82,0.0614,0.0042,0.219,0.298,0.0997,142.663,5A8G0UcQmMNWQg5IXoUPrH,466764
588,0.459,0.926,-6.187,0.0571,9.09e-05,0.567,0.31,0.327,171.994,7lw9yYGbqcHOupg7WdxrdU,267920
589,0.11,0.00682,-36.879,0.0471,0.916,0.742,0.135,0.0329,77.421,4DSG5UPTm8KllSFgWYVMLA,195747
590,0.74,0.876,-6.87,0.0369,0.0173,0.00152,0.0785,0.825,127.002,0ZqveF2rEFlz2oqF2xrriP,285427
591,0.4,0.0552,-17.901,0.0324,0.774,0.0205,0.122,0.0397,62.866,625nTE7Ex8UJgx5RMjnRik,155116
592,0.429,0.278,-7.18,0.107,0.927,0.0766,0.962,0.219,137.271,47WoZJk3p6sMOZiSyP4Tqa,15587
593,0.931,0.485,-8.926,0.0972,0.607,0.0284,0.141,0.418,131.977,6Dry2J20K0oVUs8S9XaE90,155454
594,0.72,0.789,-8.786,0.0394,0.0235,0.00294,0.0518,0.851,100.02,2IiLuq9XbkC2JzbZM4QO22,261178
595,0.0,0.0291,-20.254,0.0,0.935,0.877,0.366,0.0,0.0,3HqAT5HY7kv0ImBWKUx185,35040
596,0.559,0.85,-7.735,0.131,0.00637,0.0,0.154,0.277,154.976,5k8kM7FMh07pr7R97VR7SY,173973
597,0.552,0.906,-1.938,0.0653,0.00352,0.00134,0.355,0.452,127.995,291WUkvBvTrVkBEKUtFjg7,278348
598,0.328,0.67,-9.177,0.0392,0.434,0.116,0.0879,0.327,119.745,5flC7ecW5rQd5miVSFZqWk,305000
599,0.195,0.144,-14.549,0.03,0.775,0.805,0.644,0.264,49.322,50UN2ZDSgKyz5xgrTD7pIH,98173
600,0.62,0.99,-7.823,0.0441,0.0546,0.957,0.273,0.653,142.849,0L9IFOhUtAXFkjjVq9HOcT,214920
601,0.0836,0.0168,-24.565,0.0438,0.989,0.265,0.0942,0.0392,171.992,2ISLAyw8uJfOC3uA80Lzks,254600
602,0.821,0.732,-8.804,0.0933,0.0109,0.104,0.0791,0.205,130.029,5VU0dNMs8MAWSTOvvVgDYJ,210462
603,0.591,0.492,-10.568,0.169,0.00747,0.0148,0.0951,0.209,159.908,1y4qUmdo0DTgKC5OME5zie,235093
604,0.783,0.976,-4.38,0.0431,0.156,0.000311,0.364,0.807,127.991,3UCDrOA37BBdcExyIpN3Xj,284427
605,0.201,0.245,-13.068,0.0315,0.84,0.149,0.136,0.0374,110.546,7zNfdQ6CMDFTy5lpTuANdq,261787
606,0.564,0.848,-5.439,0.0458,0.0235,0.0609,0.258,0.268,140.01,06L0ZfiMzfrzLRmwHeuzfI,228800
607,0.544,0.701,-9.357,0.0302,0.0534,0.904,0.107,0.0701,130.991,3whWzAwkzqjqoc8Pii0ae4,199663
608,0.492,0.901,-7.03,0.045,0.00139,0.0486,0.186,0.104,143.014,2zhGnnDewN4kBsVzbqjBtX,208933
609,0.687,0.918,-4.676,0.0392,0.00211,1.26e-05,0.344,0.747,110.06,73q3FpQVXWk5eSUnyo83E4,209400
610,0.771,0.225,-10.274,0.047,0.943,0.000141,0.271,0.267,129.907,5VD3oQilL00HfIEW6ICSQq,191587
611,0.52,0.761,-3.093,0.0853,0.256,4.96e-06,0.17,0.286,141.971,7vGuf3Y35N4wmASOKLUVVU,180823
612,0.84,0.842,-2.641,0.232,0.2,6.68e-05,0.138,0.875,125.105,5ZtUYbUWhNYE0fi5lbIGIs,236013
613,0.866,0.899,-4.741,0.059,0.0832,2.98e-05,0.0625,0.706,122.397,0s6TWuZSH1HnGDYdYsy18O,343267
614,0.257,0.158,-15.931,0.049,0.994,0.118,0.347,0.192,117.445,1LjL8D9mAmExv5qC2iKXyk,205200
615,0.496,0.156,-17.059,0.0419,0.777,0.0,0.232,0.205,129.524,6IWxHgVbdKyUMydhVGXRaT,206333
616,0.635,0.283,-10.268,0.599,0.0316,0.0,0.29,0.317,82.494,5OccMTEcFkZJqbatU9BYgT,194508
617,0.582,0.5,-16.905,0.394,0.456,0.892,0.185,0.645,105.266,1dKuiEZxyeapkG6ut2xqRd,251027
618,0.783,0.594,-8.315,0.0394,0.126,0.0,0.16,0.943,110.018,3niT4GW5H2wbFFqHRTimw9,20062
619,0.584,0.533,-7.11,0.0305,0.684,0.0,0.306,0.224,131.745,3YKptz29AsOlm7WAVnztBh,288427
620,0.177,0.0169,-22.991,0.0426,0.983,0.011,0.0701,0.0397,140.031,1zCgRcAXpB5Szd9N1hdZTW,207427
621,0.559,0.85,-7.735,0.131,0.00637,0.0,0.154,0.277,154.976,7eDl3HfGmzbv1G1mPnrqN4,173973
622,0.77,0.69,-5.565,0.136,0.265,0.0,0.128,0.732,103.035,5UPNBWFU2TEf9kauIITfBs,178507
623,0.804,0.342,-12.475,0.0419,0.98,0.274,0.11,0.56,124.031,4wOOVqAYwnvg3enbkGcU2C,190427
624,0.669,0.484,-9.026,0.121,0.0154,0.0,0.489,0.251,117.929,5ZrDbBB4UhYMsPA3xRKOzV,188947
625,0.421,0.791,-4.998,0.0496,0.0117,1.48e-05,0.146,0.499,130.075,6kwAbEjseqBob48jCus7Sz,257200
626,0.607,0.303,-10.065,0.0244,0.817,0.0,0.183,0.555,97.383,5n6zROqnqMtYXfQ2vazEaz,144533
627,0.362,0.288,-17.303,0.0305,0.875,0.0145,0.192,0.719,91.999,1AkGG93JwJZ9lKyWc8msan,95480
628,0.683,0.772,-7.907,0.0311,0.0222,0.0149,0.203,0.737,123.871,2IHaGyfxNoFPLJnaEg4GTs,270373
629,0.671,0.905,-3.421,0.0342,0.0461,0.000243,0.0921,0.591,123.031,6s4JTMK1fnIsFSmv0nn7XN,205448
630,0.6,0.459,-5.44,0.0616,0.00869,0.0145,0.191,0.123,117.038,6Q8Qxsq7WV1a5yGBmgtbwP,262253
631,0.68,0.864,-4.761,0.0344,0.0576,0.199,0.089,0.277,117.022,1Co1RNm1i1RL9v1VeShNO3,288670
632,0.812,0.815,-5.669,0.045,0.256,1.08e-05,0.101,0.445,126.05,1W3MQ5Lj7jcw5vn0hYbsqP,204481
633,0.743,0.808,-6.628,0.051,0.156,0.188,0.152,0.95,132.015,1Wfo4tcX0FCCvbvEyeU319,231131
634,0.736,0.88,-4.323,0.0339,0.00711,0.00123,0.301,0.704,127.998,4tmIJTSnuvskqsPwB5RCqx,228867
635,0.766,0.735,-6.624,0.0704,0.156,5.69e-06,0.0438,0.92,105.009,6OHGPBKgfW1XJkOiSCA9g0,222857
636,0.615,0.419,-8.8,0.0395,0.0173,0.497,0.135,0.216,76.997,67Hna13dNDkZvBpTXRIaOJ,330773
637,0.496,0.151,-24.631,0.0409,0.00708,0.96,0.139,0.575,191.233,5AmWJe48VMrRa5a4IVQ4ko,21867
638,0.509,0.528,-7.639,0.0346,0.0929,9.55e-05,0.0728,0.152,90.032,540cLtUfrNdOH2eBFEjVkA,247850
639,0.177,0.00141,-39.456,0.0398,0.967,0.655,0.085,0.059,69.926,1FfrlGLvdETcvAaZMVSmDs,147958
640,0.608,0.88,-5.884,0.0686,0.00163,0.000403,0.206,0.227,99.99,1KPS1MHPrq9uPklJX8Q4XW,196584
641,0.492,0.969,-4.419,0.0491,0.0014,1.32e-06,0.0787,0.538,95.136,3K4HG9evC7dg3N0R9cYqk4,157333
642,0.735,0.775,-12.793,0.0513,0.00315,0.899,0.194,0.966,117.001,6L2or4UExh4dce09QBauqC,218733
643,0.86,0.671,-1.908,0.0512,0.0301,5.49e-05,0.0807,0.863,107.071,5BIvlbkqFZMdSTiKHhnl1o,180611
644,0.692,0.625,-7.768,0.0312,0.26,0.0622,0.344,0.885,140.008,0oVj4tzNaAN7WV6ZVcXdas,123813
645,0.486,0.00409,-26.655,0.938,0.964,0.00011,0.386,0.0,150.538,1mXUqkCpIIKUls5TJtDUHT,28293
646,0.639,0.837,-3.884,0.0316,0.0257,0.0,0.349,0.514,130.004,3Tes38ejork2E7rwrZyRTi,205386
647,0.447,0.595,-9.991,0.0494,0.494,0.00968,0.459,0.692,79.02,7Mu8VjpUfFqZJ5OKC1nNpQ,246933
648,0.677,0.682,-6.879,0.0361,0.0405,0.0,0.0351,0.875,106.279,0RmXtDH1cBMGImRrmn5xL6,192107
649,0.689,0.62,-11.488,0.0491,0.0613,0.00219,0.103,0.596,134.297,43ri1ntzxjZgXh6KxQGDE1,270973
650,0.148,0.167,-18.586,0.0363,0.591,0.742,0.0902,0.0377,67.905,3klBAH0wi8hR1kvRmiHRvw,247553
651,0.658,0.947,-6.922,0.0445,0.252,0.13,0.142,0.412,139.997,2EhlTKxStybQpKktuuanws,199680
652,0.607,0.718,-4.095,0.0978,0.032,0.0,0.403,0.551,101.821,5Ua3GXyHwiSfpNTMjq6m2z,213307
653,0.77,0.973,-6.199,0.102,0.0418,0.721,0.151,0.473,136.129,03FOLqqUOGRcYR7LnWVM25,276711
654,0.375,0.282,-16.787,0.0663,0.912,0.364,0.285,0.177,89.131,7kbgARiW7NDJRWdtGBy2hK,309160
655,0.893,0.582,-7.529,0.0431,0.157,0.00558,0.102,0.459,126.044,4xX7OsX8XTGWJgRxNNIaFT,188347
656,0.742,0.595,-7.51,0.107,0.15,0.0,0.111,0.431,101.013,3jVtllWS5CFFWLQng8sKsr,227000
657,0.745,0.817,-2.754,0.0428,0.0274,0.0,0.153,0.335,103.002,11L9g7eWWxbgHeWmBYXpCc,210453
658,0.615,0.103,-20.558,0.922,0.75,0.0,0.316,0.613,175.205,18kS89XLmy7TXpaLaH4OYO,48760
659,0.646,0.775,-3.695,0.178,0.586,0.000342,0.156,0.516,132.43,0dQnPZmWdCfwv0EFnKBgg7,244307
660,0.472,0.851,-3.463,0.0617,0.157,0.00552,0.148,0.207,106.886,6wOFwXcpXvjC2f6UOGLKp6,225565
661,0.902,0.736,-7.623,0.127,0.0697,0.000136,0.107,0.737,99.912,5nRRVeLaultLDSEqAtr0ma,266293
662,0.449,0.116,-22.023,0.0497,0.821,0.911,0.109,0.63,127.194,7kcAOEgH6O1pB2TxczTMHQ,201600
663,0.717,0.49,-7.245,0.0402,0.16,0.0599,0.234,0.306,125.95,3HvjdMXIlooglCXI3SrJGT,141786
664,0.222,0.0875,-17.937,0.0342,0.439,0.912,0.115,0.0393,66.421,1GbZQAhsd7rI90fFmWuJII,99552
665,0.565,0.942,-6.821,0.0518,0.00107,0.000393,0.152,0.569,137.972,5M2LFOy2TvzBVU5KCd6N8v,235000
666,0.182,0.141,-20.723,0.0354,0.942,0.0406,0.103,0.164,164.27,1Ekux0DAs6ZktCqXn4rBJ6,72627
667,0.642,0.638,-8.321,0.0303,0.0118,0.000982,0.14,0.599,134.994,4C35Vx32FJvaMzHwTZhT48,237653
668,0.486,0.288,-24.74,0.0726,0.88,0.965,0.111,0.976,189.646,7hflY8LpoAi4bUF7hBOWSX,105027
669,0.376,0.909,-3.904,0.0486,0.109,0.0,0.425,0.554,127.944,7o1D7BNNWa4WAYIJNl0SLQ,259707
670,0.301,0.564,-5.747,0.0609,0.0926,0.000256,0.237,0.411,192.033,7bzGIvAl75rZB20O9t5a5Z,190899
671,0.233,0.205,-17.677,0.0339,0.984,0.89,0.135,0.0545,74.618,1BThYqT3PUgq7zejojA5yz,118653
672,0.603,0.879,-4.098,0.124,0.0184,0.0,0.156,0.318,110.125,0B2RttXEiyXsMeQ7mMP3EI,228253
673,0.221,0.324,-9.524,0.0322,0.846,0.028,0.362,0.0368,84.206,6Fvnb0yaexGWZsWHiCErQg,409685
674,0.88,0.994,-2.913,0.255,0.00498,0.0275,0.0557,0.569,154.041,5uTfpIHtRxtLTJo0gSqff8,174603
675,0.687,0.395,-8.539,0.0438,0.00816,0.858,0.108,0.175,101.397,2B14M8BZJPov3j8meYRrSu,201433
676,0.562,0.783,-4.727,0.0428,0.135,1.44e-05,0.282,0.391,132.06,1xN7BpTAWnZkuSLOtRP6Qc,181787
677,0.8,0.502,-13.299,0.0327,0.0315,1.45e-05,0.211,0.797,123.033,5cqz21gHUmfNgUY0JNzO3G,243160
678,0.437,0.782,-2.797,0.0324,0.171,0.0,0.278,0.368,110.009,31NZmnpQihkWw7il2vXfOu,219694
679,0.627,0.928,-3.699,0.17,0.13,0.0,0.881,0.648,140.067,0WF4bfTAgTTnh6RaEKf1lK,166280
680,0.751,0.959,-1.725,0.0848,0.00121,0.286,0.0793,0.179,127.988,4LIU44C0gLBeSJdrKi82ae,228760
681,0.543,0.928,-5.095,0.0462,0.00477,0.000279,0.26,0.395,169.992,4pDqq2SLcpQZn9TXkiiyeR,312444
682,0.639,0.795,-10.832,0.0344,0.0184,0.755,0.203,0.67,134.012,49UnLatBtily66vR0W5EGy,190147
683,0.324,0.994,-4.366,0.141,9.06e-05,0.347,0.0916,0.0841,105.012,5AdoS3gS47x40nBNlNmPQ8,291773
684,0.703,0.719,-3.591,0.0829,0.105,0.0,0.137,0.835,121.001,6L35DYriF8W9Bu5HuqLkys,200520
685,0.817,0.668,-4.662,0.0457,0.0863,3.12e-06,0.106,0.812,135.979,1KU2Mfit2jB0yGD6ssWqNe,194247
686,0.548,0.00157,-23.806,0.0745,0.992,0.967,0.125,0.14,79.866,5YZU5hCuOVNezhwaZfAy3g,135311
687,0.283,0.738,-6.171,0.037,0.000773,0.806,0.078,0.183,123.293,6Ggtd1UBsm8GzMdDeEZOvO,543453
688,0.645,0.888,-4.571,0.0573,0.0104,0.000397,0.382,0.443,113.951,1bKhHiBmgkWlsVB6ZZVaxd,234413
689,0.604,0.903,-4.231,0.0449,0.000176,0.53,0.0586,0.078,125.989,6GCgCYxPAFvGq0B0JFN35k,293333
690,0.654,0.492,-7.777,0.0337,0.0307,0.000694,0.144,0.185,94.992,4XrKWBHDm587nYp6Io33oo,269860
691,0.641,0.944,-3.265,0.0671,0.0182,0.000205,0.0998,0.949,97.902,7he6lozdc8BMqA2dTnonyk,216640
692,0.601,0.644,-6.327,0.0891,0.131,0.0,0.0741,0.334,99.855,1NvAqtx7PytXUytohhYXbk,205099
693,0.253,0.872,-3.553,0.363,0.00392,0.00755,0.357,0.385,203.824,3ghwDnrMU5K6uQ1N97TdYk,190275
694,0.128,0.0215,-31.863,0.0443,0.993,0.635,0.0933,0.0322,77.152,4Yu4cofaVvQbYSq5aHehD4,187147
695,0.785,0.923,-5.671,0.173,0.0763,0.000642,0.143,0.459,105.009,6bGbPCaJOr2Uo19l4fJ4id,218252
696,0.646,0.672,-8.685,0.0529,0.000914,0.568,0.188,0.176,119.885,6HJ4P2n5RwpDINVennQOH4,224140
697,0.452,0.151,-22.641,0.0435,0.849,0.177,0.592,0.67,139.536,2MJhYjlmSHLGblwqnblweV,113333
698,0.62,0.916,-9.055,0.0368,0.043,0.455,0.0376,0.854,121.799,2dWB85sLIZN6shUXNKq6lr,424693
699,0.814,0.792,-4.833,0.0519,0.0211,0.00108,0.0973,0.863,123.015,5MqkZd7a7u7N7hKMqquL2U,203187
700,0.726,0.823,-7.664,0.0396,0.00218,0.875,0.0613,0.551,130.004,3ZdL1RkGAUIU8lyG4TLZiO,256120
701,0.314,0.169,-19.412,0.0324,0.727,0.916,0.363,0.241,102.841,3r1PDPRXWzXCZJJQeiowfx,180173
702,0.61,0.918,-3.481,0.0631,0.0368,0.00467,0.288,0.401,136.977,1tODhJU9HBb1ScNMXxZY1A,223987
703,0.729,0.766,-5.357,0.0438,0.3,0.323,0.153,0.968,127.97,49NEeMG0dd4y59s8uK2wrN,170875
704,0.643,0.623,-9.307,0.0444,0.076,0.901,0.391,0.147,109.924,4jYyr6UxgAIITQjOA4VT1Y,197207
705,0.393,0.223,-19.751,0.0398,0.775,0.897,0.0529,0.427,115.717,6sJWjeNP7stpwbuKV3ygFw,121893
706,0.636,0.727,-5.852,0.106,0.0161,1.12e-06,0.151,0.358,107.988,7yHEDfrJNd0zWOfXwydNH0,244453
707,0.725,0.721,-10.521,0.0589,0.128,0.000224,0.0254,0.944,112.292,12nOJO89vc7vuHQUcse2Tq,328307
708,0.252,0.0535,-28.218,0.0516,0.974,0.948,0.106,0.116,70.332,2Fc3GG0g44NbggiPUKM7AG,142467
709,0.566,0.978,-6.415,0.0819,0.129,0.0732,0.311,0.211,144.977,1FrezeNzmIamGLengD3sLM,300533
710,0.53,0.0045,-33.673,0.0569,0.994,0.773,0.0815,0.148,60.801,0pvn03QIInAPDOKWPjB0ki,183027
711,0.511,0.984,-4.09,0.357,0.124,0.00565,0.234,0.103,123.157,5KvgzjdFUXfJxrOC3Pq4UI,201284
712,0.633,0.942,-12.969,0.0454,0.00441,0.778,0.124,0.207,144.996,3FhVAY2tYmq78rd5nqSjb1,241293
713,0.53,0.841,-5.627,0.263,0.271,0.0,0.319,0.79,60.476,5bjJwYGlq5MpjLGY6zegYx,90013
714,0.0609,0.267,-17.58,0.0425,0.979,0.41,0.119,0.106,64.235,1m6A8eyz3Jm7c0WayxIUFo,461227
715,0.491,0.853,-6.182,0.0399,0.038,0.212,0.105,0.143,168.007,36lB3tfz1hlZ2xU7Tx67G0,209412
716,0.169,0.0314,-21.242,0.0402,0.927,0.929,0.0667,0.0364,113.74,6HUkUySYHOmFCjjBozCBlz,275293
717,0.594,0.924,-3.751,0.0442,0.162,0.921,0.0865,0.33,160.002,3Y4MR8D4w6RJmtxXuVJ6sk,198000
718,0.565,0.59,-6.974,0.0379,0.126,0.783,0.0583,0.29,80.424,0JN3OE3SSJdzi3KvUx0xiS,193865
719,0.396,0.445,-7.577,0.0395,0.356,0.0,0.113,0.0563,129.552,6eHdUZDZppaYodOTmnRQOM,221538
720,0.493,0.692,-10.979,0.151,0.161,0.859,0.0727,0.111,86.983,66Uf5wWeuWHCodwoFy1uXX,184828
721,0.542,0.402,-6.065,0.0359,0.0554,0.0,0.117,0.18,90.07,2qoVyX8fGrZezlqgmQxMxz,219667
722,0.533,0.83,-4.38,0.272,0.0534,3.03e-06,0.65,0.443,140.079,4B0jh5LyfWZQLvtEzFDQyr,216857
723,0.67,0.772,-5.219,0.0926,0.136,0.0,0.31,0.206,123.075,2ohKWVkLGG9R5FXsg9v3cf,245828
724,0.358,0.874,-4.754,0.0894,0.0983,0.00286,0.136,0.0712,149.923,1YVhZtNxJK4JEnvKLdKJrc,211400
725,0.42,0.905,-2.135,0.0593,0.0728,0.739,0.12,0.0334,100.028,4Kb8imzv3qKW11smbXrXkt,376800
726,0.427,0.664,-7.891,0.0348,0.0925,3.69e-06,0.302,0.336,75.04,7yf3dIN6aqqHmi82ftMIRU,186400
727,0.767,0.652,-5.581,0.0456,0.0358,0.194,0.196,0.224,139.946,6oGDyyUzQzTa1JtInKONav,166821
728,0.472,0.605,-4.437,0.134,0.0311,0.0308,0.101,0.212,128.375,4K9xid96G3YmIvQZXN9SXg,268000
729,0.485,0.92,-2.219,0.049,0.0315,8.1e-06,0.15,0.329,140.134,0uawQC7MQYf2TQ6MdX2yeQ,228576
730,0.456,0.766,-5.91,0.0662,0.161,1.36e-05,0.251,0.217,155.083,3naGretUMIoXAGe3SKiHsE,167654
731,0.49,0.701,-8.923,0.0739,0.231,0.00322,0.096,0.101,140.011,2XHbDGvMBUOKx031dXxbTY,236571
732,0.643,0.594,-5.453,0.0318,0.0128,0.0,0.118,0.442,144.033,6pooRNiLyYpxZeIA5kJ5EX,216668
733,0.58,0.962,-3.168,0.0437,0.0154,0.164,0.199,0.0608,148.063,7peXYPvAVHw77scTuY5TWL,185473
734,0.546,0.552,-8.298,0.36,0.0979,0.0,0.0552,0.478,86.867,2F8ds04UtncZxlcnVTA7Jx,201552
735,0.512,0.673,-6.099,0.037,0.253,1.81e-06,0.191,0.144,125.003,3YYqsjVD81zeOhf0grgRxI,234000
736,0.483,0.733,-3.489,0.0442,0.0227,0.0345,0.131,0.202,139.952,4bwRNsGCcUbK8zzJHwqiXD,222879
737,0.391,0.896,-2.757,0.0674,0.0106,3.75e-05,0.204,0.318,87.982,70wg0l1GCp9TL6bTXBZuXR,227898
738,0.585,0.402,-11.419,0.0388,0.00275,0.00263,0.124,0.278,121.951,1XP6izZrqT8FsMaLKDAnUP,145574
739,0.376,0.798,-4.191,0.032,0.00185,0.016,0.107,0.25,89.094,3fH6sfaWJ9Ji6sqbcqdPmf,188764
740,0.411,0.965,-2.042,0.127,0.015,0.85,0.238,0.386,149.94,6CgyavIuuXYEmoFppku4X0,210825
741,0.632,0.527,-6.195,0.0744,0.396,0.0,0.107,0.465,150.237,4S7cygJWIauwYcyXG4h5fI,158500
742,0.584,0.851,-5.264,0.104,0.217,0.000453,0.308,0.358,149.884,5p1Bl5kUjNYhxENhjiHTKN,256000
743,0.31,0.729,-6.864,0.0585,0.00438,0.0921,0.134,0.112,160.662,1Fx6Ho3ucWViV1Tbi8twjJ,280903
744,0.463,0.989,-3.248,0.0517,0.00333,0.798,0.1,0.481,139.979,00QctTgvparNNWBckHPy6b,198857
745,0.481,0.69,-7.151,0.338,0.0166,4.36e-05,0.0874,0.724,165.777,2XkZmwkeIxvEF2vwzhjZ18,183976
746,0.456,0.519,-8.819,0.274,0.0589,0.0629,0.108,0.214,129.03,5Tv8R4UVY2mtlm5YC4CTCK,140308
747,0.554,0.87,-4.089,0.148,0.00197,0.232,0.0833,0.179,84.731,03wsvOuSWSo0HbHFBgY9li,197735
748,0.622,0.479,-7.129,0.0416,0.00927,0.784,0.0643,0.0792,123.064,0QmjtrK695axPhCtW2uSqm,187317
749,0.513,0.834,-5.802,0.134,0.0101,0.000128,0.331,0.179,150.098,4tjA1bnIrvCt1O4uaC476a,152500
750,0.539,0.868,-4.726,0.0907,0.00362,0.0266,0.118,0.307,74.999,6cNI4u2l16hLBrbwTV8FMn,314000
751,0.565,0.749,-5.082,0.039,0.0455,0.00223,0.314,0.1,149.965,49csxWyhQc92RHjUO8iVGa,133600
752,0.469,0.777,-6.175,0.0742,0.0183,0.0,0.111,0.252,139.967,4WA4jmG98kErhzC9oNf8Sx,149571
753,0.591,0.846,-5.745,0.171,0.00735,0.0,0.62,0.169,91.991,3i76TcSDxNG5lIGNFvWTzm,164348
754,0.577,0.631,-7.876,0.26,0.00184,1.72e-06,0.112,0.0827,82.491,3XxF3wvgWjQJw3TQSZBuVi,177455
755,0.487,0.673,-4.98,0.0444,0.193,0.0,0.213,0.378,154.233,6ZX9CSWDRpf6C0aSP59pym,196364
756,0.691,0.941,-2.797,0.132,0.0592,0.0,0.124,0.396,92.014,0njo9ZlJryQzqo6LGkxJk4,164368
757,0.517,0.716,-6.167,0.125,0.00076,0.000819,0.295,0.558,190.054,0cNAOIbPLKpbLN4qEYE1bw,134842
758,0.505,0.72,-6.19,0.0606,0.131,0.0092,0.465,0.278,155.013,65aREw0UIfBAaJqksEUwio,114581
759,0.419,0.725,-5.901,0.0498,0.0497,9.98e-06,0.342,0.127,74.983,6OXeQE9fGrNEDXZZjqWG3k,224000
760,0.277,0.979,-0.786,0.127,0.000245,0.727,0.0934,0.0377,74.21,4ialiWgVDxVqA9XTG60EFw,243200
761,0.461,0.596,-5.895,0.0535,0.0256,0.0624,0.113,0.0713,148.142,5MREUK9W3AYQ1YNowow8s8,199307
762,0.526,0.558,-6.917,0.0433,0.224,0.0,0.112,0.191,160.066,1XVV4kghwYVW33D8JrnnYy,185888
763,0.524,0.552,-6.714,0.0306,0.0775,0.000743,0.122,0.167,139.956,0D6OgpGKzbKrGVn3MZmEIQ,171429
764,0.441,0.834,-3.029,0.0641,0.0721,0.0,0.114,0.245,139.96,5jwPoLlVOLcawSpvDpwlty,231429
765,0.688,0.887,-7.31,0.0847,0.00265,0.0496,0.0751,0.381,128.002,6aokYrHjUknteCwKuCfcqY,155625
766,0.547,0.944,-5.242,0.0579,0.0649,0.17,0.126,0.0422,145.035,6jXbYeTwVGfL6BxI3aQAXE,220014
767,0.541,0.854,-4.285,0.0436,0.00365,0.4,0.69,0.145,145.034,66T8oiDaaIF9xXjpMgJBzr,169241
768,0.476,0.859,-5.998,0.142,0.00857,0.0,0.107,0.47,150.041,7ybW2xuOiUz7CNYn9BCJfQ,183600
769,0.406,0.707,-7.53,0.0458,0.0416,0.00201,0.0629,0.324,75.019,2b6AXid4XwQYI8019Rk5je,185604
770,0.474,0.803,-3.183,0.0808,0.0918,0.0,0.244,0.24,170.004,3DWH2ElS137GfWMzGcXVp2,303882
771,0.298,0.803,-5.128,0.0462,0.00286,0.00343,0.157,0.116,76.872,33JtWDrMyTFRQTioosQwtg,190920
772,0.423,0.689,-4.96,0.0345,0.0273,0.000833,0.0828,0.292,144.967,2bTrbsUXZlZQPDGrrwdSLT,228427
773,0.629,0.593,-8.489,0.0687,0.44,0.039,0.551,0.265,139.949,0haIAixw7fe0YZY21cNnqi,140571
774,0.392,0.723,-4.418,0.0319,0.0132,0.0,0.0843,0.27,174.012,1sWWOV3HQuvJ3N2z6dtu2W,230345
775,0.362,0.697,-4.748,0.0495,0.45,0.0,0.123,0.296,77.338,2b7pg2yQClSHO04Qsf4FqI,280536
776,0.594,0.817,-2.625,0.285,0.0869,0.0,0.0564,0.782,82.622,0YzNxZ9TbNNoj83aVDMEFM,165818
777,0.486,0.933,-2.758,0.0378,0.00189,0.0,0.138,0.102,160.009,7bCDBmQ2AZdsnMRSL40J7s,219000
778,0.419,0.725,-5.901,0.0498,0.0497,9.98e-06,0.342,0.127,74.983,2Kzp4jYbUbDSxbX13oMd2a,224000
779,0.615,0.77,-5.526,0.0297,0.104,0.0,0.127,0.351,108.049,2xwOqFwANa6Emye6KlkgHT,224000
780,0.532,0.911,-3.31,0.0344,0.00384,8.5e-06,0.139,0.105,94.962,11bfexKRErd9w6ro4kqfDx,248211
781,0.363,0.395,-7.682,0.033,0.112,0.000399,0.127,0.0853,139.454,76BB2WqsnN5Vq0u1qbbKKh,217768
782,0.608,0.94,-3.901,0.0854,0.00406,2.01e-05,0.243,0.309,80.06,74yhIeJp5nF6TSngZBPVhQ,138000
783,0.539,0.756,-8.813,0.0387,0.00208,0.434,0.38,0.114,135.006,02xP8YKQjC9EOti0sC87Nl,190241
784,0.66,0.828,-4.35,0.0572,0.119,0.000464,0.108,0.404,145.01,2PRt6lN51AU82RORtjC0pm,201931
785,0.779,0.407,-9.881,0.0509,0.372,0.00513,0.0985,0.415,82.024,39NUfJgeSJn0izBmXz6Ymg,181463
786,0.389,0.936,-2.354,0.0779,0.00661,0.243,0.114,0.137,149.917,13iTzttt2HngeGOKtWFOmi,187108
787,0.465,0.7,-4.888,0.0378,0.0214,0.0,0.112,0.235,168.044,0KOVdfvvDujqNvK7h43PZ1,202493
788,0.652,0.803,-6.403,0.0427,0.072,3.5e-05,0.331,0.445,149.87,7o1ulcm2H97iqMMZo8gYY0,155200
789,0.623,0.852,-6.493,0.0644,0.00359,0.0186,0.199,0.114,132.984,0bPNeiwFcpj1Kg3BbkBzO6,343759
790,0.789,0.83,-4.183,0.0751,0.00882,0.00248,0.173,0.443,100.039,5qBcafzXycpvGKiKCfTQjd,206400
791,0.66,0.497,-9.083,0.131,0.00934,0.000455,0.187,0.379,105.0,6JSzRKHhX0LrxA3DJUW8uS,192000
792,0.533,0.887,-4.32,0.206,0.0332,0.000213,0.062,0.257,173.98,6JjdMJw5pVpiNIM1eqOiPp,237241
793,0.517,0.679,-3.581,0.111,0.155,0.0063,0.0911,0.121,149.989,0013rDAvcGpsXhHyJkAfi2,185825
794,0.706,0.633,-9.584,0.0419,0.267,0.0192,0.175,0.375,110.005,6lknMmJZALXxx7emwwZWLX,120157
795,0.567,0.916,-5.202,0.118,0.0209,0.000373,0.369,0.52,77.523,5Vds3z8a6nQBOZTg2mNZhK,146617
796,0.652,0.836,-5.239,0.0765,0.0391,0.0113,0.0607,0.505,145.07,2F7gKPhVI976DTp9LVYwCQ,159013
797,0.742,0.796,-3.613,0.117,0.000715,0.00267,0.0956,0.349,100.014,40jqRY00ZBurt1HqDxUOt3,193200
798,0.646,0.693,-7.505,0.0651,0.0213,0.506,0.126,0.321,130.063,5rFRdSHV7GQyu2kNjyXRgE,223962
799,0.55,0.619,-6.326,0.0618,0.127,0.0,0.45,0.379,148.082,10kB96jZFNTFoQga11csC0,180532
800,0.499,0.916,-3.307,0.0759,0.00422,0.00546,0.113,0.284,173.907,242x5qU3IyC275YDC7iGGz,146207
801,0.6,0.803,-5.579,0.0404,0.142,0.0,0.268,0.385,150.955,1DHW6t77tM8E87iR761mPk,170155
802,0.56,0.765,-4.833,0.0546,0.186,0.0,0.23,0.447,106.954,4qAy3U09K72W2lIiqA5aCy,202339
803,0.366,0.743,-8.006,0.0453,0.0043,0.921,0.0935,0.0397,150.0,4O3acCqL5poIvUl1px4WES,229092
804,0.654,0.886,-5.356,0.126,0.00877,8.81e-05,0.277,0.501,146.002,4UadczGuTz5gWOt6nwGskx,164773
805,0.718,0.795,-6.932,0.166,0.0105,0.000479,0.102,0.367,145.924,7yrKgSRkxZauC7dwcnA8bs,158896
806,0.438,0.485,-7.056,0.0326,0.425,8.79e-06,0.111,0.205,74.939,1TJkG92PrLibxf4qQReKYW,219400
807,0.524,0.913,-2.64,0.0549,0.0522,0.196,0.576,0.277,127.066,5MLNm8nsvpCWJ2YpurIGLp,210254
808,0.569,0.952,-2.511,0.0497,0.000696,0.573,0.616,0.0811,121.035,6zmiAvg6U0qUD36vvrGGom,180000
809,0.532,0.786,-4.206,0.0391,0.0557,0.0,0.104,0.339,150.089,6Xcqm2M79Y6DvFcmAO6UqJ,251200
810,0.612,0.811,-7.219,0.407,0.457,0.0,0.0794,0.381,117.881,6AB9d81omM5pBrZUj18sn5,219661
811,0.271,0.878,-6.641,0.197,0.0625,0.00116,0.155,0.105,169.395,5RrJs8yt2SgIHfJ1oJprxp,158118
812,0.594,0.727,-4.507,0.0536,0.311,0.0,0.0662,0.277,127.91,2OZ76g7FfM1Vwxu7mX3Rqa,210668
813,0.518,0.864,-5.683,0.0543,0.00771,0.119,0.111,0.18,134.947,1qErURHcNx7WWrVUiOrKMs,184889
814,0.497,0.825,-4.638,0.0821,0.0031,0.00496,0.0905,0.235,88.712,2odJRoZ0Bx3aHvNa8hpNrD,194157
815,0.546,0.623,-8.334,0.0561,0.00839,0.0271,0.231,0.251,119.997,0f30zxuzCZ3ayoKY88nnAo,226000
816,0.406,0.813,-4.544,0.0675,0.133,0.000131,0.104,0.0386,144.997,1rjh0sy4w8xmWopEhG1h0P,225103
817,0.368,0.657,-3.362,0.0425,0.0352,8.37e-05,0.179,0.0803,170.312,2GbInmkrrUOSG0Q57gt2Na,163941
818,0.581,0.931,-2.297,0.0612,0.0125,0.00441,0.341,0.255,106.955,7cIkqDx8ySlgNgNFF5v5Bk,287103
819,0.526,0.565,-4.798,0.0339,0.0971,0.000233,0.0922,0.0393,150.191,7MzJbnZMmgiQh2TqcBP4MQ,224538
820,0.38,0.948,-3.512,0.139,0.00306,0.41,0.733,0.101,170.012,2sRROPunrmFrF8g0MZaZc0,163765
821,0.489,0.877,-5.373,0.0446,0.00389,0.276,0.104,0.19,150.053,1bmgQT91R4A3i7BZ6xZcXc,177600
822,0.583,0.629,-7.013,0.0452,0.194,0.0,0.128,0.282,143.911,2pt8dSblTOCi6R969U1kTv,193958
823,0.567,0.573,-5.973,0.0411,0.159,0.0,0.105,0.148,75.038,0BtfxMl5G3h4mj9XQXuTDG,213600
824,0.564,0.841,-4.384,0.041,0.0462,7.03e-05,0.0834,0.212,122.142,0rIJ266KNe5pnTo3vcRxZ3,149059
825,0.548,0.851,-5.632,0.405,0.593,0.0078,0.098,0.132,153.701,6mz7PNKMuRb38q9WN6nERP,180779
826,0.574,0.588,-9.0,0.0725,0.448,0.929,0.337,0.136,120.332,4ERDm1TiMx5adtrExj4L0R,182625
827,0.539,0.858,-4.781,0.0622,0.0673,0.00133,0.148,0.0835,144.98,3tAXaWjqeqRF5kSkDrFvh2,273103
828,0.56,0.806,-2.95,0.0955,0.0267,0.00304,0.143,0.105,149.915,0rg4wm7N51dWAFZ6gPbtjy,220800
829,0.284,0.795,-1.08,0.059,0.0466,0.133,0.102,0.101,175.033,2PMdpXFYbcvVZwG9azSnHl,205936
830,0.586,0.499,-6.627,0.049,0.645,0.0,0.109,0.272,149.79,19m23w2ANVhtB7rApM6pbN,214400
831,0.639,0.841,-1.539,0.165,0.0101,0.000128,0.18,0.256,79.949,37sXzRoIK543s9ZJCRMaRw,231000
832,0.564,0.841,-3.726,0.0342,0.0318,0.0,0.143,0.626,125.087,1sSIrpavZvit6lPFro11yy,234700
833,0.843,0.695,-4.142,0.074,0.00488,0.748,0.205,0.823,100.012,2m35MFQGUaEJeYlI8C7HBl,163374
834,0.612,0.954,-5.692,0.0612,0.00322,0.232,0.13,0.0874,150.042,7cwCe0ZxpZiL3SZAYo8Naq,167625
835,0.428,0.812,-5.036,0.0569,0.015,0.0,0.351,0.257,159.892,6iMUOFY7gZ1Vis3OCdOAyI,150375
836,0.46,0.697,-3.423,0.414,0.278,5e-05,0.306,0.315,144.113,7l7Wtqi4ybiGVnFZ8vOYaf,193379
837,0.498,0.822,-3.148,0.0459,0.000698,0.000413,0.159,0.313,140.039,1BXqJQ8A3RylGQFuR4nR9L,252857
838,0.537,0.702,-5.951,0.0439,0.171,2.5e-06,0.0857,0.217,150.01,5O4xjWUhVkTf0riu4rEkx0,213600
839,0.49,0.828,-4.374,0.0379,0.0265,0.0,0.149,0.31,170.049,1PA8t7QlRzSpUOZIlLLi6U,228706
840,0.601,0.655,-4.583,0.0649,0.0532,1.41e-05,0.433,0.372,82.077,2vhKNqxKDX50UsGwdMVoa6,248781
841,0.285,0.925,-5.935,0.0546,0.401,0.917,0.0797,0.441,139.128,5dbMRjxGYAOEbVEwMGEDlG,277714
842,0.512,0.826,-5.202,0.0351,0.00401,0.00264,0.184,0.0373,115.18,77eEBtXwACqL0Udd37NQjU,258783
843,0.564,0.71,-7.032,0.143,0.279,8.04e-05,0.138,0.147,160.041,59waNUA8R0Rt3OZ9q7rwrw,187500
844,0.529,0.71,-5.378,0.0334,0.248,0.000185,0.272,0.374,150.059,3VCKjGMQgop5m47ZyivcWe,193300
845,0.569,0.83,-3.236,0.0399,0.000542,0.877,0.0687,0.137,132.017,2FAtvwUovZe4rx2xFgq19O,240470
846,0.444,0.557,-5.476,0.0602,0.453,0.0,0.152,0.296,115.058,5WI2ltQIdwgzf1SNE76JyR,234910
847,0.564,0.771,-9.462,0.0759,0.00904,0.0239,0.0652,0.15,109.151,783dzFJfeOk2UeayUPZ6Ct,257710
848,0.516,0.892,-3.921,0.0301,0.216,0.00631,0.506,0.105,135.982,6H4ekfJY19P8t26lxaBW8D,130588
849,0.682,0.638,-7.453,0.439,0.192,0.00304,0.0735,0.143,159.985,5z5sA9z9PqN0pciTUnmkki,216000
850,0.537,0.709,-6.221,0.0401,0.218,0.0,0.128,0.28,74.98,4A2b1j7Ws51rbkAXUu5lJv,225600
851,0.627,0.935,-1.943,0.0464,0.0094,0.905,0.0709,0.0392,125.95,6VxyKtFiX8mKJtnEVYgeav,240952
852,0.467,0.793,-5.284,0.0804,0.067,1.78e-06,0.123,0.235,174.886,7biGIoDMM2fi4kyeThFviQ,187886
853,0.442,0.886,-4.423,0.0897,0.0162,0.0,0.202,0.261,170.029,00QY4pdQtNdftuKb2qbVeZ,211765
854,0.307,0.533,-8.043,0.0553,0.375,0.0,0.451,0.164,64.302,0N6tsJpJilHbLoXLItHvM4,163556
855,0.319,0.464,-9.592,0.0326,0.609,0.641,0.16,0.0357,140.033,3p2F7vdAeDvrG8vxFtESzY,197850
856,0.353,0.746,-7.212,0.104,0.0684,0.000525,0.0797,0.381,89.003,09uLd12oTAf9UMbf0FKowo,284495
857,0.508,0.871,-2.05,0.115,0.00751,0.00457,0.33,0.226,93.988,1eDKRyIAKtoRmrO9gJ6PFv,224681
858,0.606,0.944,-2.798,0.051,0.00222,0.0869,0.143,0.0686,105.033,3KqPQD3vQbJUTkRsiUzps2,203429
859,0.615,0.7,-4.214,0.0268,0.0127,0.0,0.11,0.397,99.989,6zm00gQog0WIHjo1jR5St8,283725
860,0.587,0.902,-2.506,0.049,0.0336,0.000112,0.1,0.0878,102.029,08WLYptwEeNak4i7S32gh7,204706
861,0.707,0.844,-5.148,0.0751,0.00256,0.785,0.192,0.122,149.997,1QTioKoSnWLDde5BunQnCp,171600
862,0.479,0.814,-2.088,0.0278,0.539,0.0,0.0949,0.0626,104.873,249wj5aUxf4mGwPnvE956x,208000
863,0.301,0.626,-7.418,0.104,0.0693,0.554,0.0895,0.217,82.265,08fDeQNLTu0bZnT6tRcXUP,189257
864,0.212,0.622,-5.912,0.0694,0.0646,0.516,0.363,0.0614,83.939,0EqSRhWIeNqdomsU603EfC,237250
865,0.623,0.987,-3.708,0.0524,0.00466,0.602,0.181,0.0611,127.981,3exkPkqy7fngaKlM34tVZj,243984
866,0.557,0.972,-5.517,0.0533,0.00198,0.457,0.726,0.638,149.94,5N7SiJthGxZwlmNHQXS5r0,169600
867,0.517,0.785,-9.778,0.242,0.0486,0.0108,0.427,0.386,89.522,2PsA5RgMKiWCubVCJRxHvY,165333
868,0.283,0.782,-6.243,0.122,0.0189,0.0238,0.0994,0.0807,150.306,3NivHilTTTs8SQwp51yG0X,202400
869,0.508,0.858,-4.162,0.0715,0.0696,1.5e-06,0.248,0.224,160.077,2Nshfrn35tC9Brncf8W3G3,186000
870,0.543,0.854,-5.059,0.0476,0.000664,0.779,0.103,0.0396,174.027,0WPnG75MPX5X0uuvBkE8mp,251000
871,0.609,0.646,-5.993,0.0506,0.14,0.000877,0.12,0.321,172.019,4vbYfEIxXIuH0XmyTNtbKc,229996
872,0.488,0.843,-2.629,0.158,0.00206,0.0,0.293,0.536,174.153,38rk7ePRgyD6bY2lrVxAIW,234224
873,0.319,0.992,-2.386,0.0574,0.000451,0.802,0.279,0.242,173.988,7Kjhb1rej2hooxP8EezcMF,204500
874,0.492,0.899,-4.893,0.039,0.00507,0.579,0.153,0.133,173.996,54wOZuJ3eByRGAtei6GZkf,278635
875,0.416,0.814,-3.874,0.0383,0.0059,0.0466,0.144,0.0339,173.962,4SsmJX7b5vn7ftV4agCYid,247224
876,0.303,0.955,-2.933,0.0877,0.0025,0.826,0.242,0.108,173.982,6lyZee9DeTPNjfcOrqijrS,279280
877,0.525,0.824,-5.019,0.0356,0.000204,0.814,0.121,0.0886,174.023,0TIyJyIkfkyuZgPDU9G8eC,276180
878,0.515,0.924,-3.476,0.0943,0.000225,0.0253,0.0778,0.163,174.014,0Pih0OSvOaGx39R68Svqf4,288276
879,0.609,0.861,-5.136,0.0641,0.0243,0.168,0.19,0.131,173.993,0IV9K0ON8mop4NwG0uBk2O,250823
880,0.535,0.935,-3.688,0.0477,0.0222,0.853,0.0764,0.338,174.025,36npkNGiDEV2AKsIF7cx0n,292500
881,0.564,0.748,-5.295,0.0409,0.00237,0.902,0.111,0.24,174.951,3J6zBDOg7fHW8JvnGRr2l0,257931
882,0.233,0.945,-2.839,0.0542,0.000914,0.458,0.213,0.222,174.2,3gPY9dYK5KgC7XEbPmDkCn,347000
883,0.554,0.966,-2.416,0.0469,0.000578,0.828,0.112,0.164,176.0,3rcDPF71FcvqU3gxRAld0l,272000
884,0.491,0.938,-3.866,0.243,0.000569,0.216,0.273,0.327,173.984,1RYhedeJg8WdYV999i98P5,257672
885,0.53,0.8,-5.289,0.0347,0.00668,0.0329,0.422,0.114,86.991,5xunUrVjmyyPl0SFGc53C1,270000
886,0.322,0.942,-2.817,0.137,0.000205,0.000108,0.159,0.0825,174.13,4qW4kAKAHZr3VJtkDQIO5B,248276
887,0.586,0.924,-1.122,0.0567,0.000511,0.935,0.634,0.18,173.983,1IC0yryMJNhyWTi0mPCOKv,331035
888,0.471,0.727,-5.621,0.0473,0.0343,0.0205,0.116,0.293,173.989,6g0aSkYDr5WtIAckNN6xUt,271500
889,0.433,0.965,-2.121,0.0561,5.4e-05,0.96,0.119,0.132,173.948,5WZp85m1XAbZCnH4R2OQMK,276283
890,0.379,0.964,-3.473,0.104,0.000105,0.156,0.119,0.185,174.022,150Bv7hNCZCpyMLiljLiej,232931
891,0.413,0.907,-3.769,0.0577,0.00665,0.707,0.118,0.303,175.052,2tfVKHZStKg0c9vOoleJmp,296229
892,0.44,0.958,-2.857,0.0502,0.000971,3.44e-05,0.298,0.12,173.98,3obn0D3puHAsXOtDJFMG8G,244500
893,0.419,0.901,-2.954,0.0502,0.000474,0.809,0.19,0.0697,174.025,3QJEbdSoAk4bj2CTLKsiBH,248500
894,0.473,0.961,-3.278,0.0407,0.000761,0.00029,0.796,0.34,173.95,5zsmkIUNBZ5ptW6ewD4vc9,255000
895,0.422,0.915,-5.505,0.0558,0.00134,0.907,0.127,0.0657,173.982,1ScDVkfrKUSJMnkuMuSKfP,266207
896,0.421,0.797,-5.869,0.0683,0.146,0.0541,0.344,0.167,173.941,15fhccPHabcXcrmIxKFHum,207931
897,0.487,0.943,-1.869,0.0463,0.00173,0.429,0.194,0.039,173.995,4VxqrgauPobLAA7ab1SKIU,261000
898,0.339,0.747,-3.733,0.0314,0.000715,0.000176,0.134,0.0907,86.98,4Xtpd57M3GgCBlJYcCAEKx,228707
899,0.516,0.913,-4.521,0.0407,0.00897,0.000364,0.0709,0.261,173.999,3S1xw8X18Ow3FTYVrW2EMs,188000
900,0.419,0.902,-4.583,0.0458,0.000311,0.0128,0.117,0.291,173.968,4mCY3ezfbTUKYcS92pHq7K,254138
901,0.609,0.933,-2.81,0.254,0.00044,0.00221,0.0951,0.224,173.956,6YmoHcE8e6UqOljx2RXhn2,272000
902,0.4,0.852,-4.287,0.0348,0.00146,2.77e-05,0.105,0.552,174.01,4TLvBSsBuOcTWjk5kcV1v8,289310
903,0.471,0.903,-2.684,0.0467,0.000424,0.871,0.0796,0.179,174.044,0GaM1ogQ95LcGz55a8RaB7,295100
904,0.467,0.956,-2.397,0.0455,0.00495,0.000809,0.148,0.584,173.945,5Tia5qlNkpbHHueV5c8sZ9,295530
905,0.434,0.948,-3.17,0.0386,0.00548,0.00828,0.365,0.293,174.019,3UIPsGzOU5qsysU9Zk3s8o,268500
906,0.473,0.951,-2.83,0.0496,7.46e-05,0.872,0.108,0.183,174.017,5npG4TPuVqeSssWwbjWn5f,275187
907,0.561,0.71,-8.128,0.0371,0.277,0.815,0.0988,0.295,171.932,0bODLsFn7XzWC6rv5TMmL9,184186
908,0.428,0.922,-3.819,0.0726,0.0182,0.00226,0.0887,0.277,174.025,0YnsklW4Ay9e4OPoDaNEdu,263751
909,0.413,0.929,-3.437,0.0418,0.000145,0.439,0.345,0.17,175.023,1b9jaNoyPhtZoVRZ2UFDwy,262069
910,0.45,0.905,-3.429,0.0454,0.00985,5.42e-05,0.337,0.139,171.981,5uOT1jq18KFUQouP32JyYr,256744
911,0.432,0.932,-2.477,0.0585,1.49e-05,0.381,0.0781,0.0884,178.103,7mwcFa4oWwkAXqqa5WwdZh,238560
912,0.431,0.98,-2.534,0.11,3.62e-05,0.899,0.306,0.143,174.004,1Ja03UxKrv5tkEcsqdkm7R,264750
913,0.526,0.861,-1.862,0.075,0.00279,0.0875,0.108,0.148,175.042,3hUY1xCqs110TaDivkQGGR,268800
914,0.683,0.548,-5.348,0.259,0.127,0.673,0.105,0.0381,174.041,6wuR1QjCLePeOrNtbMS8Jb,289560
915,0.638,0.963,-1.767,0.0749,0.0011,0.89,0.082,0.389,173.977,0xMYBXS7DK3jfgOKOjHUtJ,294414
916,0.533,0.69,-4.506,0.0505,0.000637,0.891,0.104,0.221,174.014,7oo3L2zSue3k0iXMpuW5mV,248520
917,0.39,0.977,-1.813,0.312,9.17e-05,0.62,0.153,0.0765,174.055,5KIiDon7zaZXcG0Mtck9Np,289600
918,0.368,0.923,-2.695,0.0442,0.000184,0.351,0.2,0.0478,174.05,3SdPhsJdc3b9VlFLms02AO,353103
919,0.473,0.841,-5.333,0.041,0.000631,0.832,0.2,0.0386,174.024,1sOaErJwzPOmFJpADsASlm,290184
920,0.577,0.686,-6.071,0.0639,0.00712,0.758,0.108,0.199,173.959,6D51CkBa7HvOIuDarVcK09,248555
921,0.574,0.979,-2.314,0.0678,0.00052,0.895,0.0493,0.123,172.031,4jp512gnBEb3aFzBDYlsib,339086
922,0.465,0.949,-3.587,0.0437,0.000454,0.143,0.11,0.407,173.991,2VfLXRaHq1CDtzaJxZ25Dn,229558
923,0.609,0.532,-6.163,0.0551,0.00596,0.705,0.773,0.25,175.035,1D55sHnqrN8XyRhzezI65u,257829
924,0.443,0.879,-5.173,0.0371,0.00313,0.776,0.0794,0.0354,174.055,68LOFCd4YNYjUcLdZkDOpD,298510
925,0.483,0.8,-5.25,0.0411,0.00103,0.00271,0.452,0.329,173.863,4hP4F3jdVRsS12lOqg7eIy,238725
926,0.601,0.766,-5.339,0.044,0.000118,0.815,0.0394,0.076,174.006,0rRZANgyvkYw2bZXmJRNNG,276145
927,0.572,0.834,-5.681,0.0958,0.000669,0.555,0.0975,0.222,173.051,15Q0aIF01L3tSIUjuZHZ01,369617
928,0.443,0.929,-4.283,0.0692,0.0249,0.603,0.197,0.274,173.904,27DIoetWArHa0Mc8iRZooT,315213
929,0.606,0.804,-3.297,0.0979,0.083,0.0435,0.316,0.382,172.062,1Esa4dOOZd1Lw7Xw9X93wn,234419
930,0.612,0.809,-6.821,0.0519,0.00107,0.915,0.104,0.04,174.036,6hPRN6OU6xZPuXLjXpZ9p7,298856
931,0.562,0.987,-4.04,0.0682,0.0023,0.488,0.122,0.535,174.021,7wrf1JQWCiBa1xWhH31zyL,291311
932,0.541,0.896,-3.16,0.0409,0.000178,0.229,0.22,0.0399,173.98,7ydFRaIGUYjbRxJtc2Ka14,300000
933,0.606,0.663,-6.471,0.0346,0.00471,0.259,0.0779,0.093,173.966,7Et0oPMaD6HXXTXmUjGvgV,269948
934,0.53,0.761,-4.155,0.0393,0.0134,0.388,0.0981,0.138,174.033,6K23zHmV6CzBUS3Q4tLFGo,272505
935,0.508,0.927,-5.374,0.0626,0.00054,0.832,0.215,0.129,172.039,4bwGqQAVx1OVYm9Vp9QjLx,233215
936,0.521,0.904,-4.721,0.039,0.000183,0.883,0.106,0.431,176.006,2FvJ4NBKxH45nXeVeKNGla,255217
937,0.368,0.909,-3.121,0.058,0.00455,0.00248,0.12,0.17,173.897,5yq19i8dWxy09NaDkHw3dX,255086
938,0.537,0.879,-4.874,0.0424,0.00015,0.746,0.115,0.0496,174.028,63swvEYx5sDzRgUKMsnlGB,314355
939,0.473,0.953,-5.309,0.0377,7.66e-05,0.843,0.357,0.0728,174.026,7CARHiVy4OUyQQC37UyMWv,355623
940,0.404,0.946,-5.566,0.0514,0.00163,0.723,0.0809,0.307,173.996,42t10cOdyTaykwkrDFDeTG,270662
941,0.484,0.796,-5.376,0.0346,0.00648,0.616,0.101,0.0345,174.992,5lr5XrCp7CFOdIix2gRTnZ,313741
942,0.286,0.726,-4.264,0.0378,0.00325,0.000529,0.302,0.239,173.989,3yyVSf8UCsSzaUfMZF86fV,256509
943,0.657,0.893,-6.013,0.0457,0.0064,0.916,0.601,0.407,172.015,4nbUtD4gOLxs2xEzpHRspl,241510
944,0.168,0.814,-6.293,0.0402,0.00026,0.336,0.119,0.032,86.867,3v0nAwAtyq2KXPORUD9Go4,246881
945,0.622,0.692,-5.498,0.058,0.014,0.682,0.0766,0.222,87.482,1VDYgl6psBmUSsiHPkLfK4,266418
946,0.423,0.883,-2.992,0.0334,0.000652,0.00469,0.069,0.194,173.997,3rBwl5nImSOiGIMwz4EG0M,260107
947,0.313,0.8,-2.105,0.0463,0.106,3.33e-05,0.0973,0.132,87.997,45vPjSJ5NyIfBWIjilEhcy,212093
948,0.546,0.797,-4.786,0.038,0.000282,0.401,0.103,0.0771,87.491,5pvEr95zt60ZwNRzBJXxj9,285495
949,0.492,0.874,-4.664,0.033,0.000693,0.665,0.068,0.0778,87.006,2DpY1MMJvBwXRV4gIeF2wY,217931
950,0.5,0.944,-3.933,0.0586,0.00144,0.119,0.371,0.157,174.052,7xzfAzZ2jOf7XNOt85D4py,250101
951,0.522,0.912,-0.799,0.0386,0.00135,0.232,0.0879,0.313,174.018,1USMmvi5FlcfUh4UKtAsRg,250774
952,0.498,0.752,-4.459,0.0485,0.000671,0.748,0.741,0.0873,175.03,32ZHRwVWTeZRaqHSX91rld,296537
953,0.61,0.813,-3.456,0.0726,0.0149,0.00247,0.752,0.63,173.928,250euDUWOcW2g5MFtTfhaD,215414
954,0.489,0.952,-5.606,0.0456,0.0105,0.0923,0.083,0.0352,174.936,3xZGsMSoGlzfMAErdDvrqK,294511
955,0.587,0.883,-5.383,0.0945,0.0596,0.0006,0.108,0.168,173.995,1gjELEcRo7NpHYZ9zGaqG3,252755
956,0.578,0.571,-6.908,0.0447,0.237,0.925,0.0685,0.0397,87.011,6uuRoFOoxHlRIdc9MBdDrg,274478
957,0.501,0.803,-4.813,0.0398,0.00635,0.398,0.0774,0.113,174.017,518SM2p7vNE1Ue9INZmxxJ,292614
958,0.422,0.934,-2.284,0.0476,8.24e-05,0.0346,0.0887,0.202,172.039,1VyWPN9ztnPBR9cetWezDq,209043
959,0.486,0.943,-0.821,0.139,0.0018,0.000245,0.137,0.579,174.034,7q4fVHc05vJrMFayLV9Bw6,203534
960,0.585,0.885,-3.38,0.0462,0.00234,0.931,0.124,0.481,174.046,4xA1yAGloKdpfKUaNTUSU6,280276
961,0.533,0.897,-4.502,0.0697,0.00105,0.342,0.533,0.328,174.002,75UvpA325rHwEA6wDzVgNU,209970
962,0.541,0.968,-2.717,0.055,0.0456,0.0239,0.0858,0.153,174.005,6R1Wlmw0ufFnTMHIQUvJ9i,248276
963,0.383,0.919,-3.085,0.0479,0.000624,0.00398,0.0986,0.069,173.993,0tYrfhGMpWs0XCssZ0WRcp,255447
964,0.591,0.863,-5.034,0.0678,0.0023,0.00485,0.304,0.735,174.03,0To3xIugNcRvVEkgJ2mRKB,232046
965,0.684,0.711,-6.105,0.051,0.000659,0.896,0.114,0.0868,172.191,16XeKE4bYj8xzceZ0odXDb,256944
966,0.303,0.959,-4.617,0.0976,0.00931,0.831,0.098,0.181,173.994,0nFiveJMcyU5IvZmrSTKfR,250834
967,0.411,0.818,-6.223,0.0426,0.00203,0.744,0.205,0.0315,174.026,3SQMOuGkeaej1ec5vB2PLi,202325
968,0.534,0.836,-4.768,0.0514,0.00261,0.00267,0.0975,0.291,173.95,40JHQWLKXV31wgzAktVtKZ,207586
969,0.491,0.856,-4.866,0.0438,0.000681,0.397,0.11,0.0669,174.026,1joSUEzzSEJ8d8OyDRxBVM,297762
970,0.625,0.783,-3.174,0.0646,0.00643,0.272,0.203,0.458,172.097,4bFSwJe8mnauJvUWY0kkuD,230560
971,0.403,0.956,-3.572,0.0455,0.00266,0.189,0.321,0.105,174.017,1gw3ITBEn4tGNDoSCmr8Rs,264628
972,0.427,0.973,-2.385,0.0805,0.00018,0.00242,0.11,0.366,173.981,45t6vbzyrQlsFI3xnzevjM,220390
973,0.297,0.814,-5.381,0.0782,0.000356,0.268,0.139,0.0644,174.056,14wbsRn4dzYtLE4QVhI0qB,274762
974,0.707,0.74,-6.031,0.138,0.00847,0.608,0.11,0.37,174.042,4ppgJlsbKqhvYpCwcFqq6Y,272310
975,0.408,0.752,-4.947,0.031,0.000568,0.872,0.109,0.296,174.054,6Wya9mUyfUbiG4lcHw0Byc,274174
976,0.575,0.812,-4.677,0.0616,0.115,0.00292,0.198,0.105,173.99,5Wt6kUP0OX2IUx1XW12UlN,238086
977,0.482,0.755,-5.597,0.0503,0.0115,0.744,0.11,0.0349,173.974,43Gxv1C1Ct8565QXHgfWK4,276062
978,0.457,0.942,-3.605,0.0508,0.00756,0.000889,0.0957,0.141,173.951,0ucdnfv1uvBcvmlFZbP94y,283579
979,0.387,0.925,-3.235,0.04,0.0854,0.00963,0.159,0.0523,173.924,0UVMGMcNVdA0SuPm47xaHT,184135
980,0.439,0.942,-3.093,0.0392,0.000272,0.755,0.0647,0.232,173.976,62CU12eNCRzLTgqgVK7z0H,276203
981,0.432,0.956,-3.388,0.0503,0.00271,0.943,0.0793,0.186,175.012,1mkMcLOA7YTd6SAKgL9A7N,341684
982,0.515,0.948,-2.72,0.04,2.34e-05,0.113,0.044,0.474,174.018,2fMpcwNkVa1bj6wxADpwAa,273103
983,0.549,0.783,-5.335,0.0457,0.0016,0.875,0.0952,0.0599,175.026,0Gh0zC1iXujb6mjh2B7ASs,266792
984,0.691,0.659,-5.735,0.0673,0.0391,0.761,0.117,0.755,85.007,751ptOiHpJFPpNmrrkIbUK,274899
985,0.311,0.826,-5.56,0.0463,0.00132,0.83,0.106,0.104,87.526,3DI0DCgSU2hBHYEpNmqLv8,293871
986,0.421,0.664,-6.478,0.0533,0.00525,0.702,0.109,0.131,86.939,1aOPKVM1qxAkPRF92RiBpr,279859
987,0.666,0.782,-5.766,0.0539,0.00298,0.00432,0.0453,0.307,174.009,6eCbd2ZAdlI0UYJ3QGXSWS,269235
988,0.608,0.687,-8.126,0.0787,0.0827,0.00661,0.0717,0.343,85.901,0R49rmt982lsVFK3nDNJiP,317181
989,0.483,0.703,-5.967,0.0407,0.00116,0.163,0.124,0.0394,86.983,48v9yscIyNKgAOVsrE2RNi,331717
990,0.637,0.72,-4.731,0.0453,0.106,0.283,0.111,0.339,174.068,5PsU87jOgPewp4dF7UHEP0,300548
991,0.417,0.889,-4.575,0.0769,0.000489,0.38,0.0955,0.0639,172.037,08XPGnfK573KJTfm8ZB8FO,279852
992,0.532,0.938,-2.823,0.0415,0.000589,0.882,0.212,0.235,174.009,5HO1yPNE1JzC5Zm8k53YFL,298173
993,0.615,0.874,-4.805,0.0683,0.0329,0.407,0.0455,0.45,172.016,5QbFh0dn8ViphenGZmoBo7,253607
994,0.598,0.936,-3.208,0.0941,0.000682,0.844,0.27,0.0393,174.069,4do8GnE87AatFGmNib2E9f,273378
995,0.615,0.942,-3.243,0.0686,9.5e-05,0.837,0.332,0.404,174.081,5qByQwOPmSkokKRG7m2pN2,249905
996,0.378,0.97,-3.324,0.046,0.000224,0.95,0.238,0.0368,171.965,5a6tFMjjJLOngAbAGatJHe,165225
997,0.598,0.936,-3.208,0.0941,0.000682,0.844,0.27,0.0393,174.069,69tSahaUvXpWA14dXGzYEl,273378
